avg,mapped_wreq,1-48,49-96,97-144,145-192,193-240,241-288,289-336,337-384,385-432,433-480,481-528,529-576,577-624,625-672,673-720,721-768,769-816,817-864,865-912,913-960,961-1008,1009-1056,1057-1104,1105-1152,1153-1200,1201-1248,1249-1296,1297-1344,1345-1392,1393-1440
1633,"{""mean"": 59, ""bench"": ""gzip-ad2ebb2666f4c4877b4"", ""payload"": ""{\""file_size\"": 1}""}",136,138,137,136,129,151,153,154,153,152,154,155,156,157,158,157,157,156,153,155,157,156,150,146,147,144,140,135,135,135
295,"{""mean"": 59, ""bench"": ""gzip-ad2ebb2666f4c4877b4"", ""payload"": ""{\""file_size\"": 1}""}",106,105,105,105,105,105,104,104,104,104,104,105,105,105,104,105,106,108,108,108,109,108,108,107,107,108,108,108,108,107
265,"{""mean"": 59, ""bench"": ""gzip-ad2ebb2666f4c4877b4"", ""payload"": ""{\""file_size\"": 1}""}",56,56,55,58,60,58,56,56,56,57,58,58,59,60,59,57,57,59,57,57,56,57,58,56,58,57,57,59,58,59
31,"{""mean"": 59, ""bench"": ""gzip-ad2ebb2666f4c4877b4"", ""payload"": ""{\""file_size\"": 1}""}",28,31,33,33,33,31,35,34,31,32,32,33,39,32,32,33,33,39,32,34,32,34,35,33,33,32,31,30,30,29
43,"{""mean"": 59, ""bench"": ""gzip-ad2ebb2666f4c4877b4"", ""payload"": ""{\""file_size\"": 1}""}",26,17,18,18,21,26,30,33,28,26,25,31,29,30,35,45,46,41,42,44,39,37,37,35,33,32,29,25,25,23
4,"{""mean"": 2, ""bench"": ""disk-seq-0ebf93f8938852c"", ""payload"": ""{\""byte_size\"": 4096, \""file_size\"": 1}""}",25,26,26,26,25,25,26,29,32,43,43,46,40,36,29,28,29,28,29,29,28,29,28,29,27,28,27,26,27,26
19,"{""mean"": 2, ""bench"": ""disk-rand-0ebf93f8938852"", ""payload"": ""{\""byte_size\"": 4096, \""file_size\"": 1}""}",27,28,28,29,27,27,29,28,27,30,29,32,29,31,32,30,31,30,31,32,31,32,30,32,30,31,28,28,29,27
6,"{""mean"": 2, ""bench"": ""disk-rand-0ebf93f8938852"", ""payload"": ""{\""byte_size\"": 4096, \""file_size\"": 1}""}",19,15,14,14,13,13,15,18,21,23,25,32,34,36,40,41,37,35,35,35,33,32,29,28,26,24,22,20,20,17
79,"{""mean"": 59, ""bench"": ""gzip-ad2ebb2666f4c4877b4"", ""payload"": ""{\""file_size\"": 1}""}",19,22,24,25,26,27,29,29,29,29,29,30,30,29,29,28,28,28,27,26,25,24,23,23,23,22,20,19,19,18
2,"{""mean"": 2, ""bench"": ""disk-seq-0ebf93f8938852c"", ""payload"": ""{\""byte_size\"": 4096, \""file_size\"": 1}""}",23,23,24,26,23,24,23,23,23,23,23,23,24,23,23,24,26,25,25,25,26,26,27,27,26,28,27,26,25,25
14,"{""mean"": 2, ""bench"": ""disk-seq-0ebf93f8938852c"", ""payload"": ""{\""byte_size\"": 4096, \""file_size\"": 1}""}",23,23,23,23,22,22,23,23,23,23,22,23,23,22,23,22,22,21,22,22,22,22,22,22,20,20,22,22,22,22
18,"{""mean"": 2, ""bench"": ""disk-rand-0ebf93f8938852"", ""payload"": ""{\""byte_size\"": 4096, \""file_size\"": 1}""}",13,10,8,13,14,7,25,25,20,23,44,43,19,23,15,16,16,20,15,20,12,12,35,44,27,13,20,13,9,9
28,"{""mean"": 2, ""bench"": ""disk-rand-0ebf93f8938852"", ""payload"": ""{\""byte_size\"": 4096, \""file_size\"": 1}""}",17,17,17,17,17,17,17,17,17,17,17,18,19,19,19,19,20,20,19,19,19,20,20,18,18,19,19,19,19,18
1,"{""mean"": 1, ""bench"": ""float-c571b37ac335ef8f25"", ""payload"": ""{\""n\"": 10000}""}",12,11,11,12,11,11,13,15,17,20,21,21,21,21,19,19,19,19,19,19,19,18,17,16,14,13,14,14,14,14
0,"{""mean"": 0, ""bench"": ""chameleon-e52ff3854d5b6f"", ""payload"": ""{\""num_of_cols\"": 10, \""num_of_rows\"": 100}""}",15,15,15,15,15,15,15,16,16,16,16,17,16,16,16,17,16,16,16,16,15,15,15,15,15,15,15,15,15,15
244,"{""mean"": 59, ""bench"": ""gzip-ad2ebb2666f4c4877b4"", ""payload"": ""{\""file_size\"": 1}""}",10,10,10,7,6,4,3,3,3,2,2,1,2,2,5,4,15,31,31,33,46,41,35,22,22,21,20,18,13,17
242,"{""mean"": 59, ""bench"": ""gzip-ad2ebb2666f4c4877b4"", ""payload"": ""{\""file_size\"": 1}""}",19,19,19,18,0,17,18,17,16,0,19,17,12,19,4,18,19,18,17,1,19,19,18,19,1,18,18,17,15,0
30,"{""mean"": 2, ""bench"": ""disk-seq-0ebf93f8938852c"", ""payload"": ""{\""byte_size\"": 4096, \""file_size\"": 1}""}",12,12,16,20,17,21,16,16,16,11,10,12,12,13,13,14,14,14,13,14,14,12,13,12,13,13,14,14,13,14
126,"{""mean"": 59, ""bench"": ""gzip-ad2ebb2666f4c4877b4"", ""payload"": ""{\""file_size\"": 1}""}",10,4,7,7,3,1,1,1,0,0,1,3,5,12,38,28,25,22,21,23,22,20,18,18,18,17,18,17,16,15
63,"{""mean"": 59, ""bench"": ""gzip-ad2ebb2666f4c4877b4"", ""payload"": ""{\""file_size\"": 1}""}",10,10,11,11,11,11,11,11,11,11,11,12,12,12,12,12,11,12,12,12,12,12,12,12,12,12,12,12,12,12
5,"{""mean"": 2, ""bench"": ""disk-seq-0ebf93f8938852c"", ""payload"": ""{\""byte_size\"": 4096, \""file_size\"": 1}""}",17,17,17,16,17,17,19,17,16,17,17,13,4,4,4,4,3,3,3,3,3,4,4,4,4,4,4,4,4,4
16821,"{""mean"": 59, ""bench"": ""gzip-ad2ebb2666f4c4877b4"", ""payload"": ""{\""file_size\"": 1}""}",0,1,2,14,14,12,12,12,12,12,12,12,12,11,11,10,10,10,9,10,8,9,8,7,8,7,7,5,0,0
33,"{""mean"": 59, ""bench"": ""gzip-ad2ebb2666f4c4877b4"", ""payload"": ""{\""file_size\"": 1}""}",8,8,9,8,8,8,8,8,8,8,8,8,8,8,8,8,9,9,9,9,9,9,9,9,9,9,9,9,9,9
110,"{""mean"": 59, ""bench"": ""gzip-ad2ebb2666f4c4877b4"", ""payload"": ""{\""file_size\"": 1}""}",8,8,10,10,10,10,9,7,7,7,8,8,8,8,8,9,9,9,8,8,8,8,8,8,8,8,8,8,8,8
127,"{""mean"": 59, ""bench"": ""gzip-ad2ebb2666f4c4877b4"", ""payload"": ""{\""file_size\"": 1}""}",2,4,13,16,15,14,15,16,14,13,14,13,15,13,10,6,5,4,6,4,2,2,2,2,3,3,3,3,4,4
32,"{""mean"": 59, ""bench"": ""gzip-ad2ebb2666f4c4877b4"", ""payload"": ""{\""file_size\"": 1}""}",7,7,7,7,7,8,7,7,9,14,9,7,7,7,7,7,8,8,8,8,8,8,8,8,8,8,8,7,7,7
239,"{""mean"": 59, ""bench"": ""gzip-ad2ebb2666f4c4877b4"", ""payload"": ""{\""file_size\"": 1}""}",8,8,8,7,8,8,8,8,8,6,5,5,7,6,7,8,6,7,7,6,7,7,6,6,8,7,8,8,8,8
26,"{""mean"": 2, ""bench"": ""disk-rand-0ebf93f8938852"", ""payload"": ""{\""byte_size\"": 4096, \""file_size\"": 1}""}",5,5,5,5,5,5,6,6,6,6,6,6,6,6,6,6,7,9,8,7,7,7,7,7,8,7,7,7,6,5
9,"{""mean"": 2, ""bench"": ""disk-rand-0ebf93f8938852"", ""payload"": ""{\""byte_size\"": 4096, \""file_size\"": 1}""}",10,8,8,8,8,8,7,6,6,5,4,4,3,4,3,4,4,5,5,5,6,6,7,7,7,7,7,8,8,8
572,"{""mean"": 59, ""bench"": ""gzip-ad2ebb2666f4c4877b4"", ""payload"": ""{\""file_size\"": 1}""}",5,4,4,4,4,4,5,5,6,6,6,6,6,6,6,7,7,7,9,8,8,7,7,8,7,6,6,6,5,5
12,"{""mean"": 2, ""bench"": ""disk-seq-0ebf93f8938852c"", ""payload"": ""{\""byte_size\"": 4096, \""file_size\"": 1}""}",5,5,5,5,5,5,4,4,4,4,4,3,4,4,6,6,7,7,7,7,8,7,7,7,8,8,6,6,6,7
208,"{""mean"": 59, ""bench"": ""gzip-ad2ebb2666f4c4877b4"", ""payload"": ""{\""file_size\"": 1}""}",5,4,3,2,3,3,3,4,4,4,5,5,5,5,5,6,7,7,7,7,7,7,6,6,6,7,8,8,7,5
52,"{""mean"": 59, ""bench"": ""gzip-ad2ebb2666f4c4877b4"", ""payload"": ""{\""file_size\"": 1}""}",4,4,4,3,3,4,4,5,5,5,4,4,4,5,5,6,7,7,7,7,7,7,8,7,7,6,6,5,5,4
36,"{""mean"": 59, ""bench"": ""gzip-ad2ebb2666f4c4877b4"", ""payload"": ""{\""file_size\"": 1}""}",8,7,7,7,7,7,6,5,5,4,4,4,3,3,3,3,3,4,4,5,5,5,6,6,6,6,6,6,6,6
73,"{""mean"": 59, ""bench"": ""gzip-ad2ebb2666f4c4877b4"", ""payload"": ""{\""file_size\"": 1}""}",0,1,1,1,2,3,2,2,3,2,1,1,2,3,3,4,5,4,3,2,2,4,7,29,13,12,10,9,6,7
15,"{""mean"": 2, ""bench"": ""disk-rand-0ebf93f8938852"", ""payload"": ""{\""byte_size\"": 4096, \""file_size\"": 1}""}",3,3,3,3,4,5,9,6,6,5,5,5,5,5,5,6,6,6,6,6,5,5,4,4,4,4,4,4,4,4
55,"{""mean"": 59, ""bench"": ""gzip-ad2ebb2666f4c4877b4"", ""payload"": ""{\""file_size\"": 1}""}",3,3,3,3,3,4,4,4,4,4,4,5,5,5,5,6,6,6,6,6,6,6,6,6,6,6,5,5,4,4
3,"{""mean"": 2, ""bench"": ""disk-seq-0ebf93f8938852c"", ""payload"": ""{\""byte_size\"": 4096, \""file_size\"": 1}""}",4,4,5,5,5,4,4,4,4,4,4,4,4,4,4,4,4,6,13,9,7,4,4,4,7,4,4,4,4,4
857,"{""mean"": 59, ""bench"": ""gzip-ad2ebb2666f4c4877b4"", ""payload"": ""{\""file_size\"": 1}""}",5,5,5,5,5,5,5,5,5,5,5,5,5,5,2,0,2,5,5,5,5,5,5,5,5,5,5,5,5,5
4269,"{""mean"": 59, ""bench"": ""gzip-ad2ebb2666f4c4877b4"", ""payload"": ""{\""file_size\"": 1}""}",5,5,5,5,4,4,4,4,4,4,4,5,5,5,5,5,5,5,5,5,3,3,5,4,4,4,5,5,5,5
34,"{""mean"": 59, ""bench"": ""gzip-ad2ebb2666f4c4877b4"", ""payload"": ""{\""file_size\"": 1}""}",4,4,5,4,4,4,4,3,3,3,3,3,3,3,5,4,5,5,5,5,6,6,6,6,6,6,6,5,5,5
24,"{""mean"": 2, ""bench"": ""disk-rand-0ebf93f8938852"", ""payload"": ""{\""byte_size\"": 4096, \""file_size\"": 1}""}",4,5,5,4,5,5,5,5,5,5,5,5,5,5,5,5,5,5,4,4,4,4,3,3,3,4,4,4,5,5
440,"{""mean"": 59, ""bench"": ""gzip-ad2ebb2666f4c4877b4"", ""payload"": ""{\""file_size\"": 1}""}",3,3,3,3,3,3,3,3,4,4,5,6,6,6,7,7,7,6,6,6,6,6,5,5,4,4,3,3,3,3
37,"{""mean"": 59, ""bench"": ""gzip-ad2ebb2666f4c4877b4"", ""payload"": ""{\""file_size\"": 1}""}",4,5,5,5,5,5,4,5,4,5,7,6,7,6,5,6,7,5,6,4,2,2,2,2,2,4,2,2,3,3
13,"{""mean"": 2, ""bench"": ""disk-seq-0ebf93f8938852c"", ""payload"": ""{\""byte_size\"": 4096, \""file_size\"": 1}""}",2,1,1,1,1,2,2,2,2,3,3,5,5,4,5,6,7,8,7,8,7,6,5,5,5,5,4,4,3,2
45,"{""mean"": 59, ""bench"": ""gzip-ad2ebb2666f4c4877b4"", ""payload"": ""{\""file_size\"": 1}""}",2,2,2,2,2,2,2,3,4,4,4,4,4,4,4,5,5,4,6,6,6,6,5,5,5,4,4,3,3,3
38,"{""mean"": 59, ""bench"": ""gzip-ad2ebb2666f4c4877b4"", ""payload"": ""{\""file_size\"": 1}""}",4,3,3,3,3,3,3,3,3,2,2,2,2,3,3,3,3,4,4,4,4,4,4,4,4,4,4,4,4,4
418,"{""mean"": 59, ""bench"": ""gzip-ad2ebb2666f4c4877b4"", ""payload"": ""{\""file_size\"": 1}""}",3,2,1,1,1,1,1,2,2,3,3,3,3,3,3,4,4,5,5,5,5,4,4,4,4,5,5,5,5,3
87,"{""mean"": 59, ""bench"": ""gzip-ad2ebb2666f4c4877b4"", ""payload"": ""{\""file_size\"": 1}""}",1,2,3,3,3,3,4,5,8,10,13,10,10,7,5,3,2,1,1,0,0,0,1,0,0,0,1,0,0,1
107,"{""mean"": 59, ""bench"": ""gzip-ad2ebb2666f4c4877b4"", ""payload"": ""{\""file_size\"": 1}""}",4,4,3,3,3,3,3,3,3,2,2,2,2,2,3,3,3,3,3,4,4,4,4,4,4,4,4,4,4,4
75,"{""mean"": 59, ""bench"": ""gzip-ad2ebb2666f4c4877b4"", ""payload"": ""{\""file_size\"": 1}""}",2,2,2,2,3,3,3,3,3,3,3,3,3,3,3,3,4,4,4,4,4,4,4,4,4,4,4,4,3,3
7230,"{""mean"": 59, ""bench"": ""gzip-ad2ebb2666f4c4877b4"", ""payload"": ""{\""file_size\"": 1}""}",3,2,3,2,1,4,2,2,2,3,2,2,2,3,1,1,2,1,2,2,2,9,7,2,8,5,8,4,3,3
49,"{""mean"": 59, ""bench"": ""gzip-ad2ebb2666f4c4877b4"", ""payload"": ""{\""file_size\"": 1}""}",1,1,4,8,6,10,5,5,4,5,1,1,1,2,2,3,5,5,2,2,3,2,2,2,2,2,2,2,1,2
57,"{""mean"": 59, ""bench"": ""gzip-ad2ebb2666f4c4877b4"", ""payload"": ""{\""file_size\"": 1}""}",3,3,3,3,3,3,3,3,3,3,3,3,3,3,3,3,3,3,3,3,3,3,3,3,3,3,3,3,3,3
210,"{""mean"": 59, ""bench"": ""gzip-ad2ebb2666f4c4877b4"", ""payload"": ""{\""file_size\"": 1}""}",3,3,3,3,3,3,3,3,3,3,3,3,3,3,3,3,3,3,3,3,3,3,3,3,3,3,3,3,3,3
749,"{""mean"": 59, ""bench"": ""gzip-ad2ebb2666f4c4877b4"", ""payload"": ""{\""file_size\"": 1}""}",3,3,3,3,3,3,3,3,3,3,3,3,3,3,3,3,3,3,3,3,3,3,3,3,3,3,3,3,3,3
1157,"{""mean"": 59, ""bench"": ""gzip-ad2ebb2666f4c4877b4"", ""payload"": ""{\""file_size\"": 1}""}",3,3,3,3,3,3,3,2,3,3,3,3,3,3,3,2,3,3,3,3,3,3,3,3,2,1,1,1,3,3
11,"{""mean"": 2, ""bench"": ""disk-seq-0ebf93f8938852c"", ""payload"": ""{\""byte_size\"": 4096, \""file_size\"": 1}""}",2,2,2,2,2,2,2,2,3,3,3,3,3,3,3,3,3,3,3,3,3,3,3,3,3,3,3,3,3,2
212,"{""mean"": 59, ""bench"": ""gzip-ad2ebb2666f4c4877b4"", ""payload"": ""{\""file_size\"": 1}""}",3,3,3,3,3,3,3,3,3,3,3,3,3,3,3,3,3,3,3,3,3,3,3,3,3,3,3,3,3,3
64,"{""mean"": 59, ""bench"": ""gzip-ad2ebb2666f4c4877b4"", ""payload"": ""{\""file_size\"": 1}""}",2,2,2,2,2,2,2,3,5,2,2,2,2,2,2,2,3,3,3,4,4,3,3,4,5,3,3,2,2,2
54,"{""mean"": 59, ""bench"": ""gzip-ad2ebb2666f4c4877b4"", ""payload"": ""{\""file_size\"": 1}""}",3,3,3,1,3,3,3,2,3,3,2,2,3,3,2,3,3,3,1,3,3,2,2,3,3,2,3,3,3,1
238,"{""mean"": 59, ""bench"": ""gzip-ad2ebb2666f4c4877b4"", ""payload"": ""{\""file_size\"": 1}""}",3,3,2,3,3,3,3,2,2,3,2,2,2,3,3,3,3,2,3,3,3,3,2,3,3,3,3,2,3,3
207,"{""mean"": 59, ""bench"": ""gzip-ad2ebb2666f4c4877b4"", ""payload"": ""{\""file_size\"": 1}""}",1,1,1,1,1,1,1,1,1,1,1,1,2,4,4,6,4,4,4,4,5,4,5,6,5,4,2,1,1,1
94,"{""mean"": 59, ""bench"": ""gzip-ad2ebb2666f4c4877b4"", ""payload"": ""{\""file_size\"": 1}""}",2,2,2,2,2,2,2,2,2,2,3,2,2,2,3,2,2,3,3,3,3,3,3,3,3,3,3,3,3,3
8,"{""mean"": 2, ""bench"": ""disk-rand-0ebf93f8938852"", ""payload"": ""{\""byte_size\"": 4096, \""file_size\"": 1}""}",2,2,2,2,2,2,2,3,4,2,3,3,3,2,2,2,2,2,2,2,2,2,2,2,2,2,2,2,2,2
50,"{""mean"": 59, ""bench"": ""gzip-ad2ebb2666f4c4877b4"", ""payload"": ""{\""file_size\"": 1}""}",2,2,2,2,2,2,2,3,3,3,3,3,3,3,3,2,2,2,2,3,3,2,2,2,2,2,2,2,2,2
993,"{""mean"": 59, ""bench"": ""gzip-ad2ebb2666f4c4877b4"", ""payload"": ""{\""file_size\"": 1}""}",2,2,2,1,2,1,1,3,5,2,2,1,2,2,2,2,3,3,3,3,3,3,1,4,6,4,2,2,2,2
869,"{""mean"": 59, ""bench"": ""gzip-ad2ebb2666f4c4877b4"", ""payload"": ""{\""file_size\"": 1}""}",2,2,2,2,2,2,2,2,2,2,2,2,2,2,2,2,2,2,2,2,2,2,2,2,2,2,2,2,2,2
42,"{""mean"": 59, ""bench"": ""gzip-ad2ebb2666f4c4877b4"", ""payload"": ""{\""file_size\"": 1}""}",2,2,2,2,2,2,2,2,2,2,2,2,2,2,2,2,2,2,2,2,2,2,2,3,3,3,3,3,3,2
81,"{""mean"": 59, ""bench"": ""gzip-ad2ebb2666f4c4877b4"", ""payload"": ""{\""file_size\"": 1}""}",2,1,1,1,1,2,2,2,2,2,2,2,2,2,2,3,2,2,3,3,4,2,2,2,2,3,2,2,2,2
2282,"{""mean"": 59, ""bench"": ""gzip-ad2ebb2666f4c4877b4"", ""payload"": ""{\""file_size\"": 1}""}",2,1,1,1,1,1,1,2,2,1,0,0,1,1,3,4,4,4,3,3,2,3,3,3,3,4,2,2,2,2
16,"{""mean"": 2, ""bench"": ""disk-rand-0ebf93f8938852"", ""payload"": ""{\""byte_size\"": 4096, \""file_size\"": 1}""}",2,2,2,2,2,2,2,2,2,2,2,2,2,2,2,2,2,2,2,2,2,2,2,2,2,2,2,2,2,2
71,"{""mean"": 59, ""bench"": ""gzip-ad2ebb2666f4c4877b4"", ""payload"": ""{\""file_size\"": 1}""}",1,1,0,0,0,0,1,1,1,2,2,3,3,3,3,3,3,3,3,3,3,3,3,3,3,3,2,2,1,1
3800,"{""mean"": 59, ""bench"": ""gzip-ad2ebb2666f4c4877b4"", ""payload"": ""{\""file_size\"": 1}""}",1,1,0,1,1,0,3,3,2,3,6,6,2,3,1,1,1,2,1,2,1,1,4,6,3,1,2,1,1,0
48,"{""mean"": 59, ""bench"": ""gzip-ad2ebb2666f4c4877b4"", ""payload"": ""{\""file_size\"": 1}""}",2,2,2,2,2,2,2,2,2,2,2,2,2,2,2,2,2,2,2,2,2,2,2,2,2,2,2,2,2,2
259,"{""mean"": 59, ""bench"": ""gzip-ad2ebb2666f4c4877b4"", ""payload"": ""{\""file_size\"": 1}""}",3,3,2,1,1,2,3,3,1,1,3,3,3,1,1,3,3,2,1,1,3,3,3,1,1,3,3,3,1,1
53,"{""mean"": 59, ""bench"": ""gzip-ad2ebb2666f4c4877b4"", ""payload"": ""{\""file_size\"": 1}""}",1,1,1,1,1,1,2,2,2,2,2,2,2,2,2,3,3,3,3,2,2,2,2,2,2,2,2,1,1,1
214,"{""mean"": 59, ""bench"": ""gzip-ad2ebb2666f4c4877b4"", ""payload"": ""{\""file_size\"": 1}""}",2,2,2,2,2,2,2,2,2,2,2,2,2,2,2,2,2,2,2,2,2,2,2,2,2,2,2,2,2,2
1520,"{""mean"": 59, ""bench"": ""gzip-ad2ebb2666f4c4877b4"", ""payload"": ""{\""file_size\"": 1}""}",2,2,2,2,2,2,2,2,2,2,2,2,2,2,2,2,2,2,2,2,2,2,2,2,2,2,2,2,2,2
853,"{""mean"": 59, ""bench"": ""gzip-ad2ebb2666f4c4877b4"", ""payload"": ""{\""file_size\"": 1}""}",0,0,0,0,0,0,0,0,0,1,3,3,3,3,3,3,3,2,2,3,3,3,3,3,3,3,2,2,1,1
35,"{""mean"": 59, ""bench"": ""gzip-ad2ebb2666f4c4877b4"", ""payload"": ""{\""file_size\"": 1}""}",2,2,2,1,1,2,2,2,2,2,2,1,2,2,2,2,2,2,2,2,2,2,2,2,2,2,2,2,2,2
650,"{""mean"": 59, ""bench"": ""gzip-ad2ebb2666f4c4877b4"", ""payload"": ""{\""file_size\"": 1}""}",0,0,0,0,0,0,0,0,0,0,0,0,0,1,0,0,0,0,0,0,4,5,5,4,4,5,5,4,5,5
7,"{""mean"": 2, ""bench"": ""disk-seq-0ebf93f8938852c"", ""payload"": ""{\""byte_size\"": 4096, \""file_size\"": 1}""}",1,1,1,1,1,1,1,1,1,1,2,2,2,3,2,2,2,2,2,2,2,2,2,2,2,2,2,2,2,2
40,"{""mean"": 59, ""bench"": ""gzip-ad2ebb2666f4c4877b4"", ""payload"": ""{\""file_size\"": 1}""}",1,1,1,1,1,1,1,1,2,2,2,2,2,2,2,2,2,2,2,3,2,2,2,2,2,1,1,1,1,1
171,"{""mean"": 59, ""bench"": ""gzip-ad2ebb2666f4c4877b4"", ""payload"": ""{\""file_size\"": 1}""}",2,1,1,1,1,1,1,1,1,2,2,2,2,2,2,2,2,2,2,2,2,2,2,2,2,1,1,1,1,1
17,"{""mean"": 2, ""bench"": ""disk-seq-0ebf93f8938852c"", ""payload"": ""{\""byte_size\"": 4096, \""file_size\"": 1}""}",1,1,1,1,1,1,1,1,1,2,3,3,2,2,2,2,2,2,1,3,2,2,2,2,2,1,1,1,1,1
154,"{""mean"": 59, ""bench"": ""gzip-ad2ebb2666f4c4877b4"", ""payload"": ""{\""file_size\"": 1}""}",2,2,2,2,2,2,2,2,2,2,2,2,2,2,2,2,2,2,2,2,2,2,2,2,2,2,2,2,2,2
56,"{""mean"": 59, ""bench"": ""gzip-ad2ebb2666f4c4877b4"", ""payload"": ""{\""file_size\"": 1}""}",1,1,1,1,1,1,1,2,2,2,2,2,2,2,2,2,1,2,2,2,2,2,1,2,2,2,2,2,2,2
919,"{""mean"": 59, ""bench"": ""gzip-ad2ebb2666f4c4877b4"", ""payload"": ""{\""file_size\"": 1}""}",0,3,3,2,0,0,0,0,0,0,0,0,0,0,0,0,1,3,1,4,3,0,0,5,3,3,2,2,3,3
352,"{""mean"": 59, ""bench"": ""gzip-ad2ebb2666f4c4877b4"", ""payload"": ""{\""file_size\"": 1}""}",2,2,2,2,1,1,2,2,2,1,1,2,2,2,1,1,2,2,2,1,1,1,2,2,1,1,2,2,2,1
69,"{""mean"": 59, ""bench"": ""gzip-ad2ebb2666f4c4877b4"", ""payload"": ""{\""file_size\"": 1}""}",1,1,1,1,1,1,1,1,1,1,1,2,2,2,1,2,2,2,2,2,2,2,2,2,2,2,2,2,2,2
21,"{""mean"": 2, ""bench"": ""disk-rand-0ebf93f8938852"", ""payload"": ""{\""byte_size\"": 4096, \""file_size\"": 1}""}",1,1,1,1,1,1,1,1,1,2,2,2,2,2,2,2,2,2,2,2,2,2,2,2,2,1,1,1,1,1
342,"{""mean"": 59, ""bench"": ""gzip-ad2ebb2666f4c4877b4"", ""payload"": ""{\""file_size\"": 1}""}",1,1,1,1,1,1,1,1,1,1,1,1,1,1,1,2,2,3,3,3,2,2,2,3,3,2,2,1,1,1
134,"{""mean"": 59, ""bench"": ""gzip-ad2ebb2666f4c4877b4"", ""payload"": ""{\""file_size\"": 1}""}",1,1,1,1,1,1,1,1,1,1,2,2,1,1,1,1,2,2,2,1,1,1,2,1,1,1,1,1,1,1
68,"{""mean"": 59, ""bench"": ""gzip-ad2ebb2666f4c4877b4"", ""payload"": ""{\""file_size\"": 1}""}",1,1,1,1,1,1,1,1,1,1,1,1,1,2,2,2,2,2,2,2,2,2,1,1,1,1,1,1,1,1
446,"{""mean"": 59, ""bench"": ""gzip-ad2ebb2666f4c4877b4"", ""payload"": ""{\""file_size\"": 1}""}",0,0,0,0,1,2,3,3,2,2,1,1,1,2,2,2,2,3,3,3,2,1,1,1,1,0,0,0,0,0
135208,"{""mean"": 59, ""bench"": ""gzip-ad2ebb2666f4c4877b4"", ""payload"": ""{\""file_size\"": 1}""}",1,1,1,1,1,1,1,1,1,1,1,1,1,1,1,1,1,1,1,4,8,4,3,1,1,1,1,1,1,1
92,"{""mean"": 59, ""bench"": ""gzip-ad2ebb2666f4c4877b4"", ""payload"": ""{\""file_size\"": 1}""}",1,1,1,1,1,1,1,1,1,1,1,1,2,2,2,2,2,2,2,2,2,2,2,2,1,0,0,0,0,0
147,"{""mean"": 59, ""bench"": ""gzip-ad2ebb2666f4c4877b4"", ""payload"": ""{\""file_size\"": 1}""}",1,1,1,1,1,1,1,1,1,1,1,1,1,1,1,1,1,1,1,1,2,2,2,2,2,2,2,2,2,1
254,"{""mean"": 59, ""bench"": ""gzip-ad2ebb2666f4c4877b4"", ""payload"": ""{\""file_size\"": 1}""}",2,2,1,1,1,1,1,1,1,0,0,0,0,1,1,1,1,1,2,2,2,2,2,2,2,2,2,2,2,2
531,"{""mean"": 59, ""bench"": ""gzip-ad2ebb2666f4c4877b4"", ""payload"": ""{\""file_size\"": 1}""}",1,1,1,1,1,1,1,1,1,1,1,1,1,1,1,1,1,1,1,1,1,3,1,1,1,1,1,1,1,1
25,"{""mean"": 2, ""bench"": ""disk-seq-0ebf93f8938852c"", ""payload"": ""{\""byte_size\"": 4096, \""file_size\"": 1}""}",1,1,1,1,1,1,1,1,1,1,1,1,1,1,1,1,1,1,1,1,1,2,2,2,2,2,2,1,1,1
47,"{""mean"": 59, ""bench"": ""gzip-ad2ebb2666f4c4877b4"", ""payload"": ""{\""file_size\"": 1}""}",1,1,1,1,1,1,1,1,1,1,1,1,1,1,2,2,2,2,1,2,2,2,2,2,2,1,1,1,1,1
151,"{""mean"": 59, ""bench"": ""gzip-ad2ebb2666f4c4877b4"", ""payload"": ""{\""file_size\"": 1}""}",1,1,1,1,1,1,1,1,1,1,1,1,1,1,1,1,1,2,2,2,2,2,2,2,2,2,2,2,1,1
269,"{""mean"": 59, ""bench"": ""gzip-ad2ebb2666f4c4877b4"", ""payload"": ""{\""file_size\"": 1}""}",1,1,1,1,1,1,1,1,1,1,2,1,1,1,1,1,1,1,1,1,1,1,1,1,1,1,1,1,1,1
245,"{""mean"": 59, ""bench"": ""gzip-ad2ebb2666f4c4877b4"", ""payload"": ""{\""file_size\"": 1}""}",1,1,1,1,1,1,1,1,1,1,1,1,1,1,1,1,1,1,1,1,1,1,1,1,1,1,1,1,1,1
10,"{""mean"": 2, ""bench"": ""disk-rand-0ebf93f8938852"", ""payload"": ""{\""byte_size\"": 4096, \""file_size\"": 1}""}",1,1,1,1,3,1,1,1,1,1,1,3,1,1,1,1,1,1,1,2,1,1,1,1,1,1,3,1,1,1
541,"{""mean"": 59, ""bench"": ""gzip-ad2ebb2666f4c4877b4"", ""payload"": ""{\""file_size\"": 1}""}",1,1,1,1,1,1,1,1,1,1,1,1,1,1,1,1,1,1,1,1,1,1,1,1,1,1,1,1,1,1
76,"{""mean"": 59, ""bench"": ""gzip-ad2ebb2666f4c4877b4"", ""payload"": ""{\""file_size\"": 1}""}",1,1,1,1,1,1,1,1,1,1,1,1,1,1,1,1,1,1,1,1,1,1,1,1,1,1,1,1,1,1
82,"{""mean"": 59, ""bench"": ""gzip-ad2ebb2666f4c4877b4"", ""payload"": ""{\""file_size\"": 1}""}",1,1,1,1,1,1,1,1,1,1,1,1,1,1,1,1,1,1,1,1,1,1,1,1,1,1,1,1,1,1
270,"{""mean"": 59, ""bench"": ""gzip-ad2ebb2666f4c4877b4"", ""payload"": ""{\""file_size\"": 1}""}",1,1,1,1,1,1,1,1,1,1,1,1,1,1,1,1,1,1,1,1,1,1,1,1,1,1,1,1,1,1
545,"{""mean"": 59, ""bench"": ""gzip-ad2ebb2666f4c4877b4"", ""payload"": ""{\""file_size\"": 1}""}",1,1,1,1,1,1,1,2,1,1,1,1,1,1,1,1,1,1,1,1,1,1,1,1,1,1,1,1,1,1
104,"{""mean"": 59, ""bench"": ""gzip-ad2ebb2666f4c4877b4"", ""payload"": ""{\""file_size\"": 1}""}",0,0,0,0,0,0,0,0,1,1,1,2,2,2,2,2,2,2,2,2,2,2,2,1,1,1,1,0,0,0
138,"{""mean"": 59, ""bench"": ""gzip-ad2ebb2666f4c4877b4"", ""payload"": ""{\""file_size\"": 1}""}",1,1,1,1,1,1,1,1,1,1,1,1,1,1,1,1,1,1,1,1,1,1,1,1,1,1,1,1,1,1
88,"{""mean"": 59, ""bench"": ""gzip-ad2ebb2666f4c4877b4"", ""payload"": ""{\""file_size\"": 1}""}",1,1,1,1,1,2,1,1,1,1,2,2,1,1,1,1,1,1,1,2,2,2,2,2,2,1,1,1,1,1
297,"{""mean"": 59, ""bench"": ""gzip-ad2ebb2666f4c4877b4"", ""payload"": ""{\""file_size\"": 1}""}",0,0,0,0,0,0,0,0,1,1,1,1,2,2,2,2,2,2,2,2,2,2,2,1,1,1,1,0,0,0
1504,"{""mean"": 59, ""bench"": ""gzip-ad2ebb2666f4c4877b4"", ""payload"": ""{\""file_size\"": 1}""}",0,2,3,2,3,3,3,3,3,1,0,0,0,0,0,0,0,0,0,1,0,0,0,0,1,1,1,1,1,1
2621,"{""mean"": 59, ""bench"": ""gzip-ad2ebb2666f4c4877b4"", ""payload"": ""{\""file_size\"": 1}""}",1,1,1,1,1,1,1,1,1,1,1,1,2,2,2,2,2,2,2,2,2,2,2,2,1,0,0,0,0,0
204,"{""mean"": 59, ""bench"": ""gzip-ad2ebb2666f4c4877b4"", ""payload"": ""{\""file_size\"": 1}""}",0,0,0,1,1,1,1,1,1,1,1,1,1,1,1,1,1,1,1,1,1,1,1,1,1,1,1,1,1,1
105,"{""mean"": 59, ""bench"": ""gzip-ad2ebb2666f4c4877b4"", ""payload"": ""{\""file_size\"": 1}""}",1,1,1,1,1,1,1,1,2,3,2,1,1,1,1,1,1,1,1,1,1,1,1,1,1,1,1,1,1,1
1340,"{""mean"": 59, ""bench"": ""gzip-ad2ebb2666f4c4877b4"", ""payload"": ""{\""file_size\"": 1}""}",0,0,2,2,2,2,2,2,2,2,2,2,2,1,1,1,1,1,1,1,1,1,0,0,0,0,0,0,0,1
22,"{""mean"": 2, ""bench"": ""disk-seq-0ebf93f8938852c"", ""payload"": ""{\""byte_size\"": 4096, \""file_size\"": 1}""}",1,1,1,1,1,1,1,1,1,1,1,1,1,1,2,2,2,2,1,1,1,1,1,1,1,1,1,1,1,1
20,"{""mean"": 2, ""bench"": ""disk-rand-0ebf93f8938852"", ""payload"": ""{\""byte_size\"": 4096, \""file_size\"": 1}""}",1,1,1,1,1,1,1,1,1,1,1,1,1,1,1,1,1,1,1,1,1,1,1,1,1,1,1,1,1,1
112,"{""mean"": 59, ""bench"": ""gzip-ad2ebb2666f4c4877b4"", ""payload"": ""{\""file_size\"": 1}""}",1,1,1,1,1,1,1,1,1,1,1,1,1,1,1,1,1,1,1,2,2,2,1,1,1,1,1,1,1,1
337,"{""mean"": 59, ""bench"": ""gzip-ad2ebb2666f4c4877b4"", ""payload"": ""{\""file_size\"": 1}""}",2,1,1,1,1,1,1,1,1,1,1,1,1,1,1,1,1,1,1,1,1,1,1,1,1,1,1,1,1,1
220,"{""mean"": 59, ""bench"": ""gzip-ad2ebb2666f4c4877b4"", ""payload"": ""{\""file_size\"": 1}""}",1,1,1,1,1,1,1,1,1,1,1,1,1,1,1,1,1,1,1,1,1,1,1,1,1,1,1,1,1,1
60,"{""mean"": 59, ""bench"": ""gzip-ad2ebb2666f4c4877b4"", ""payload"": ""{\""file_size\"": 1}""}",1,1,1,1,1,1,1,1,1,1,1,1,1,1,1,1,1,1,1,1,1,1,1,1,1,1,1,1,1,1
206,"{""mean"": 59, ""bench"": ""gzip-ad2ebb2666f4c4877b4"", ""payload"": ""{\""file_size\"": 1}""}",1,1,0,0,0,0,0,1,3,1,0,0,0,0,0,0,1,2,2,2,2,1,1,2,4,1,1,1,1,1
145,"{""mean"": 59, ""bench"": ""gzip-ad2ebb2666f4c4877b4"", ""payload"": ""{\""file_size\"": 1}""}",1,1,1,1,1,1,1,1,1,1,1,1,1,1,1,1,1,1,1,1,1,1,1,1,1,1,1,1,1,1
1500,"{""mean"": 59, ""bench"": ""gzip-ad2ebb2666f4c4877b4"", ""payload"": ""{\""file_size\"": 1}""}",0,1,1,1,1,1,1,1,2,3,3,3,3,2,1,1,0,0,0,0,0,0,0,0,0,0,1,0,0,0
23,"{""mean"": 2, ""bench"": ""disk-seq-0ebf93f8938852c"", ""payload"": ""{\""byte_size\"": 4096, \""file_size\"": 1}""}",1,1,1,1,1,1,1,2,1,1,1,1,1,1,1,1,1,1,1,1,1,1,1,1,1,1,1,1,1,1
111,"{""mean"": 59, ""bench"": ""gzip-ad2ebb2666f4c4877b4"", ""payload"": ""{\""file_size\"": 1}""}",1,1,1,1,1,1,1,1,1,1,1,1,1,1,1,1,1,1,1,1,1,1,1,1,1,1,1,1,1,1
174,"{""mean"": 59, ""bench"": ""gzip-ad2ebb2666f4c4877b4"", ""payload"": ""{\""file_size\"": 1}""}",1,1,1,1,1,1,1,0,0,0,0,0,0,1,1,1,1,1,1,1,1,1,1,1,1,1,1,1,1,1
399,"{""mean"": 59, ""bench"": ""gzip-ad2ebb2666f4c4877b4"", ""payload"": ""{\""file_size\"": 1}""}",1,1,1,1,1,1,1,1,1,1,1,1,1,1,1,1,1,1,1,1,1,1,1,1,1,1,1,1,1,1
1970,"{""mean"": 59, ""bench"": ""gzip-ad2ebb2666f4c4877b4"", ""payload"": ""{\""file_size\"": 1}""}",1,1,1,1,1,1,1,1,1,1,1,1,1,1,1,1,1,1,1,1,1,1,1,1,1,1,1,1,1,1
131,"{""mean"": 59, ""bench"": ""gzip-ad2ebb2666f4c4877b4"", ""payload"": ""{\""file_size\"": 1}""}",1,1,1,1,1,1,1,1,1,1,1,1,1,1,1,1,1,1,1,1,1,1,1,1,1,1,1,1,0,0
122,"{""mean"": 59, ""bench"": ""gzip-ad2ebb2666f4c4877b4"", ""payload"": ""{\""file_size\"": 1}""}",1,0,0,0,0,1,1,1,1,1,1,1,1,1,1,1,1,1,1,1,1,1,1,1,1,1,1,1,1,1
124,"{""mean"": 59, ""bench"": ""gzip-ad2ebb2666f4c4877b4"", ""payload"": ""{\""file_size\"": 1}""}",1,1,1,1,1,1,1,1,1,1,1,1,1,1,1,1,1,1,1,1,1,1,1,1,1,1,1,1,1,2
86,"{""mean"": 59, ""bench"": ""gzip-ad2ebb2666f4c4877b4"", ""payload"": ""{\""file_size\"": 1}""}",1,1,1,1,1,1,1,1,1,1,1,1,1,1,1,1,1,1,1,1,1,1,1,1,1,1,1,1,1,1
2732,"{""mean"": 59, ""bench"": ""gzip-ad2ebb2666f4c4877b4"", ""payload"": ""{\""file_size\"": 1}""}",0,1,5,5,3,4,2,1,0,0,0,0,0,0,0,0,0,0,0,0,0,0,0,0,0,0,0,0,0,0
1013,"{""mean"": 59, ""bench"": ""gzip-ad2ebb2666f4c4877b4"", ""payload"": ""{\""file_size\"": 1}""}",1,1,1,1,1,1,1,1,1,1,1,1,1,1,1,1,1,1,1,1,1,1,1,1,1,1,1,1,1,1
176,"{""mean"": 59, ""bench"": ""gzip-ad2ebb2666f4c4877b4"", ""payload"": ""{\""file_size\"": 1}""}",0,0,0,0,0,0,0,0,1,2,1,1,1,1,1,1,1,1,1,1,1,1,1,1,1,1,1,1,1,1
125,"{""mean"": 59, ""bench"": ""gzip-ad2ebb2666f4c4877b4"", ""payload"": ""{\""file_size\"": 1}""}",1,1,1,1,1,1,1,1,1,1,1,1,1,1,1,1,1,1,1,1,1,1,1,1,1,1,1,1,1,1
453,"{""mean"": 59, ""bench"": ""gzip-ad2ebb2666f4c4877b4"", ""payload"": ""{\""file_size\"": 1}""}",0,0,0,0,0,0,0,0,0,0,0,0,3,9,7,0,0,0,0,0,0,0,0,0,0,0,0,0,0,0
461,"{""mean"": 59, ""bench"": ""gzip-ad2ebb2666f4c4877b4"", ""payload"": ""{\""file_size\"": 1}""}",1,1,1,1,1,1,1,1,1,1,1,1,1,1,1,1,1,1,1,1,1,1,1,1,1,1,1,1,1,1
159,"{""mean"": 59, ""bench"": ""gzip-ad2ebb2666f4c4877b4"", ""payload"": ""{\""file_size\"": 1}""}",0,0,0,0,0,0,0,0,0,0,0,0,1,1,1,1,2,1,1,1,1,1,2,2,1,1,1,0,0,0
2633,"{""mean"": 59, ""bench"": ""gzip-ad2ebb2666f4c4877b4"", ""payload"": ""{\""file_size\"": 1}""}",1,1,1,1,1,1,1,1,1,1,1,1,1,1,1,1,1,1,1,1,1,1,1,1,1,1,1,1,1,1
485,"{""mean"": 59, ""bench"": ""gzip-ad2ebb2666f4c4877b4"", ""payload"": ""{\""file_size\"": 1}""}",0,0,0,0,0,1,3,2,1,1,1,1,1,1,1,1,1,1,1,1,1,1,1,1,1,1,1,1,1,1
629,"{""mean"": 59, ""bench"": ""gzip-ad2ebb2666f4c4877b4"", ""payload"": ""{\""file_size\"": 1}""}",0,0,0,0,0,0,0,0,0,0,0,0,0,1,1,1,1,1,1,1,1,1,1,1,1,1,1,1,1,1
306,"{""mean"": 59, ""bench"": ""gzip-ad2ebb2666f4c4877b4"", ""payload"": ""{\""file_size\"": 1}""}",1,1,1,1,1,1,1,1,1,1,1,1,1,1,1,1,1,1,1,1,1,1,1,1,1,1,1,1,1,1
80864,"{""mean"": 59, ""bench"": ""gzip-ad2ebb2666f4c4877b4"", ""payload"": ""{\""file_size\"": 1}""}",0,1,1,1,1,1,1,1,1,1,1,1,1,1,1,1,1,1,1,1,1,1,1,1,1,1,1,1,1,1
72,"{""mean"": 59, ""bench"": ""gzip-ad2ebb2666f4c4877b4"", ""payload"": ""{\""file_size\"": 1}""}",1,1,1,1,1,0,0,1,1,1,1,1,1,1,1,1,2,3,1,1,1,1,1,1,1,1,1,1,1,1
3228,"{""mean"": 59, ""bench"": ""gzip-ad2ebb2666f4c4877b4"", ""payload"": ""{\""file_size\"": 1}""}",1,1,1,1,1,1,1,0,0,0,0,0,0,0,0,1,1,1,1,1,1,1,1,1,1,1,1,1,1,1
119,"{""mean"": 59, ""bench"": ""gzip-ad2ebb2666f4c4877b4"", ""payload"": ""{\""file_size\"": 1}""}",0,0,0,0,0,0,0,0,1,3,1,0,0,1,1,1,1,1,1,1,1,1,1,1,1,1,1,1,1,1
2314,"{""mean"": 59, ""bench"": ""gzip-ad2ebb2666f4c4877b4"", ""payload"": ""{\""file_size\"": 1}""}",1,1,1,1,1,1,1,1,1,1,1,1,1,1,1,1,1,1,1,1,1,1,1,1,1,1,1,1,1,1
74,"{""mean"": 59, ""bench"": ""gzip-ad2ebb2666f4c4877b4"", ""payload"": ""{\""file_size\"": 1}""}",1,1,1,1,1,1,1,1,1,1,1,1,1,1,1,1,1,1,1,1,1,1,1,1,1,1,1,1,1,1
492,"{""mean"": 59, ""bench"": ""gzip-ad2ebb2666f4c4877b4"", ""payload"": ""{\""file_size\"": 1}""}",1,0,1,0,1,0,0,1,0,1,1,0,1,0,1,2,3,4,0,0,0,0,0,0,0,0,0,0,0,0
142,"{""mean"": 59, ""bench"": ""gzip-ad2ebb2666f4c4877b4"", ""payload"": ""{\""file_size\"": 1}""}",0,0,0,0,0,0,0,0,0,2,1,1,1,0,1,2,1,2,1,2,0,1,1,1,0,0,0,0,0,0
173,"{""mean"": 59, ""bench"": ""gzip-ad2ebb2666f4c4877b4"", ""payload"": ""{\""file_size\"": 1}""}",0,0,0,0,0,0,0,0,1,1,1,1,1,1,1,1,1,1,1,1,1,1,1,1,1,1,1,1,1,1
219,"{""mean"": 59, ""bench"": ""gzip-ad2ebb2666f4c4877b4"", ""payload"": ""{\""file_size\"": 1}""}",1,0,0,1,1,1,1,1,0,1,0,1,1,1,0,0,0,0,1,0,1,1,1,1,1,1,1,2,3,1
1750,"{""mean"": 59, ""bench"": ""gzip-ad2ebb2666f4c4877b4"", ""payload"": ""{\""file_size\"": 1}""}",1,1,1,1,1,1,1,1,1,1,1,1,1,1,1,1,1,1,1,1,1,1,1,1,1,1,1,1,1,1
46,"{""mean"": 59, ""bench"": ""gzip-ad2ebb2666f4c4877b4"", ""payload"": ""{\""file_size\"": 1}""}",0,0,0,0,0,0,0,0,0,1,1,1,1,1,1,1,1,1,1,1,1,1,1,1,1,1,1,1,1,1
195,"{""mean"": 59, ""bench"": ""gzip-ad2ebb2666f4c4877b4"", ""payload"": ""{\""file_size\"": 1}""}",0,0,0,0,0,0,0,0,0,0,0,0,1,1,1,1,1,1,1,1,1,1,1,2,1,1,0,0,0,0
117,"{""mean"": 59, ""bench"": ""gzip-ad2ebb2666f4c4877b4"", ""payload"": ""{\""file_size\"": 1}""}",1,1,1,1,1,1,1,1,1,1,1,1,1,1,1,1,1,1,1,1,1,1,1,1,1,1,1,1,1,1
89,"{""mean"": 59, ""bench"": ""gzip-ad2ebb2666f4c4877b4"", ""payload"": ""{\""file_size\"": 1}""}",1,1,0,0,1,1,1,1,1,1,1,1,1,1,1,1,1,1,1,1,0,0,0,1,1,1,1,1,1,1
51,"{""mean"": 59, ""bench"": ""gzip-ad2ebb2666f4c4877b4"", ""payload"": ""{\""file_size\"": 1}""}",1,1,1,1,1,1,0,0,0,0,1,0,1,1,1,1,1,1,1,1,1,1,1,1,1,1,1,1,1,1
90,"{""mean"": 59, ""bench"": ""gzip-ad2ebb2666f4c4877b4"", ""payload"": ""{\""file_size\"": 1}""}",1,1,1,1,1,1,1,1,1,1,1,1,1,1,1,1,1,1,1,1,1,1,1,1,1,1,1,1,1,1
167,"{""mean"": 59, ""bench"": ""gzip-ad2ebb2666f4c4877b4"", ""payload"": ""{\""file_size\"": 1}""}",0,1,1,1,1,1,1,1,1,2,2,2,1,1,1,1,0,0,0,0,0,0,0,0,0,0,0,0,0,0
201,"{""mean"": 59, ""bench"": ""gzip-ad2ebb2666f4c4877b4"", ""payload"": ""{\""file_size\"": 1}""}",0,0,0,0,0,0,0,0,0,0,0,0,1,1,1,1,1,1,1,1,1,1,1,2,1,1,0,0,0,0
179,"{""mean"": 59, ""bench"": ""gzip-ad2ebb2666f4c4877b4"", ""payload"": ""{\""file_size\"": 1}""}",0,0,0,0,0,0,0,0,0,0,0,0,0,0,0,0,1,7,3,4,0,0,0,0,0,0,0,0,0,0
274,"{""mean"": 59, ""bench"": ""gzip-ad2ebb2666f4c4877b4"", ""payload"": ""{\""file_size\"": 1}""}",0,0,0,0,0,0,0,0,0,0,0,0,0,0,0,0,0,6,1,0,0,0,7,0,0,0,0,0,0,0
546,"{""mean"": 59, ""bench"": ""gzip-ad2ebb2666f4c4877b4"", ""payload"": ""{\""file_size\"": 1}""}",0,0,0,0,0,0,0,0,0,0,0,0,0,0,0,0,0,2,4,4,4,0,0,0,0,0,0,0,0,0
44,"{""mean"": 59, ""bench"": ""gzip-ad2ebb2666f4c4877b4"", ""payload"": ""{\""file_size\"": 1}""}",0,0,0,0,0,0,0,1,1,1,1,1,1,1,1,1,1,1,1,1,1,1,1,1,1,1,0,0,0,1
101,"{""mean"": 59, ""bench"": ""gzip-ad2ebb2666f4c4877b4"", ""payload"": ""{\""file_size\"": 1}""}",1,1,0,0,0,0,0,1,3,1,0,0,0,0,0,0,1,1,1,1,1,1,0,1,1,0,0,0,0,0
78,"{""mean"": 59, ""bench"": ""gzip-ad2ebb2666f4c4877b4"", ""payload"": ""{\""file_size\"": 1}""}",0,0,0,0,0,0,0,0,0,0,1,0,0,1,1,1,1,1,1,1,1,1,1,1,1,1,1,0,0,1
185,"{""mean"": 59, ""bench"": ""gzip-ad2ebb2666f4c4877b4"", ""payload"": ""{\""file_size\"": 1}""}",0,0,0,0,0,0,0,0,0,0,0,0,1,0,0,1,0,0,1,10,0,0,0,0,0,0,0,0,0,0
27,"{""mean"": 2, ""bench"": ""disk-rand-0ebf93f8938852"", ""payload"": ""{\""byte_size\"": 4096, \""file_size\"": 1}""}",0,0,0,0,0,0,0,0,1,1,1,1,1,1,1,1,1,2,1,1,1,1,2,0,0,0,0,0,0,0
39,"{""mean"": 59, ""bench"": ""gzip-ad2ebb2666f4c4877b4"", ""payload"": ""{\""file_size\"": 1}""}",1,1,1,1,1,0,1,0,1,1,0,0,0,0,0,1,1,1,1,1,1,1,1,1,1,1,1,1,1,1
321,"{""mean"": 59, ""bench"": ""gzip-ad2ebb2666f4c4877b4"", ""payload"": ""{\""file_size\"": 1}""}",1,1,1,1,1,1,1,1,1,1,1,1,1,1,1,1,1,1,1,1,1,1,1,1,1,1,1,1,1,1
807,"{""mean"": 59, ""bench"": ""gzip-ad2ebb2666f4c4877b4"", ""payload"": ""{\""file_size\"": 1}""}",0,0,0,0,0,0,0,0,1,1,1,1,1,1,1,1,1,1,1,1,1,1,1,1,1,1,1,1,1,1
100,"{""mean"": 59, ""bench"": ""gzip-ad2ebb2666f4c4877b4"", ""payload"": ""{\""file_size\"": 1}""}",1,1,1,1,1,1,0,0,0,0,0,0,0,1,1,0,0,1,1,1,1,1,1,1,1,1,1,1,1,1
93,"{""mean"": 59, ""bench"": ""gzip-ad2ebb2666f4c4877b4"", ""payload"": ""{\""file_size\"": 1}""}",0,0,0,0,0,0,0,0,1,1,1,1,1,1,1,1,1,1,1,1,0,1,1,1,1,1,0,1,1,0
527,"{""mean"": 59, ""bench"": ""gzip-ad2ebb2666f4c4877b4"", ""payload"": ""{\""file_size\"": 1}""}",1,1,1,1,0,1,1,1,1,0,0,1,1,1,0,0,1,1,1,0,0,1,1,0,0,1,0,0,0,1
260,"{""mean"": 59, ""bench"": ""gzip-ad2ebb2666f4c4877b4"", ""payload"": ""{\""file_size\"": 1}""}",1,1,1,1,1,1,1,1,1,1,1,1,1,1,1,1,1,1,1,1,0,0,1,1,1,1,1,1,1,1
2935,"{""mean"": 59, ""bench"": ""gzip-ad2ebb2666f4c4877b4"", ""payload"": ""{\""file_size\"": 1}""}",0,0,0,0,0,0,0,0,0,0,0,0,0,0,0,2,3,3,1,2,1,0,0,0,0,0,0,0,0,1
902,"{""mean"": 59, ""bench"": ""gzip-ad2ebb2666f4c4877b4"", ""payload"": ""{\""file_size\"": 1}""}",0,0,0,0,0,0,0,1,1,1,1,0,1,1,1,1,1,1,1,1,1,1,1,0,0,0,0,0,0,0
41,"{""mean"": 59, ""bench"": ""gzip-ad2ebb2666f4c4877b4"", ""payload"": ""{\""file_size\"": 1}""}",0,0,0,1,1,2,0,0,0,0,0,0,0,0,0,0,0,0,0,0,0,0,0,0,0,0,1,2,1,1
1674,"{""mean"": 59, ""bench"": ""gzip-ad2ebb2666f4c4877b4"", ""payload"": ""{\""file_size\"": 1}""}",1,1,1,1,1,1,1,1,1,1,1,1,1,1,1,1,1,1,1,1,1,1,1,1,1,1,1,1,1,1
65,"{""mean"": 59, ""bench"": ""gzip-ad2ebb2666f4c4877b4"", ""payload"": ""{\""file_size\"": 1}""}",2,0,0,0,0,0,0,0,0,0,0,0,0,0,0,0,0,0,0,0,0,0,0,0,0,0,4,5,0,0
315,"{""mean"": 59, ""bench"": ""gzip-ad2ebb2666f4c4877b4"", ""payload"": ""{\""file_size\"": 1}""}",0,0,0,0,1,1,1,1,1,0,0,0,0,0,0,0,0,1,1,1,0,0,0,1,1,1,1,1,1,1
5313,"{""mean"": 59, ""bench"": ""gzip-ad2ebb2666f4c4877b4"", ""payload"": ""{\""file_size\"": 1}""}",0,0,0,0,0,0,1,1,1,0,1,1,1,1,1,1,1,1,1,0,0,0,1,1,0,0,1,1,1,0
256,"{""mean"": 59, ""bench"": ""gzip-ad2ebb2666f4c4877b4"", ""payload"": ""{\""file_size\"": 1}""}",0,0,0,0,0,0,0,0,0,0,0,0,0,0,0,0,0,0,0,0,0,0,1,1,4,0,0,0,2,4
190,"{""mean"": 59, ""bench"": ""gzip-ad2ebb2666f4c4877b4"", ""payload"": ""{\""file_size\"": 1}""}",1,1,1,1,1,1,1,1,1,0,0,0,1,1,0,0,0,0,1,1,1,0,0,0,0,0,0,0,0,0
475,"{""mean"": 59, ""bench"": ""gzip-ad2ebb2666f4c4877b4"", ""payload"": ""{\""file_size\"": 1}""}",1,1,1,1,1,1,1,1,0,0,0,0,0,0,0,0,0,0,0,0,0,0,1,1,1,1,1,1,1,1
1030,"{""mean"": 59, ""bench"": ""gzip-ad2ebb2666f4c4877b4"", ""payload"": ""{\""file_size\"": 1}""}",0,0,0,0,1,1,1,1,1,1,1,1,1,1,1,1,1,1,1,1,1,1,1,1,1,1,1,1,1,1
165,"{""mean"": 59, ""bench"": ""gzip-ad2ebb2666f4c4877b4"", ""payload"": ""{\""file_size\"": 1}""}",1,1,1,1,1,1,0,0,0,0,0,0,0,0,0,0,1,1,0,0,0,0,1,0,0,0,1,0,0,0
218,"{""mean"": 59, ""bench"": ""gzip-ad2ebb2666f4c4877b4"", ""payload"": ""{\""file_size\"": 1}""}",0,0,0,0,0,0,1,0,0,0,0,0,0,0,0,1,1,1,1,1,1,1,1,1,1,1,1,1,1,1
194,"{""mean"": 59, ""bench"": ""gzip-ad2ebb2666f4c4877b4"", ""payload"": ""{\""file_size\"": 1}""}",0,0,0,0,0,0,0,0,0,0,0,0,0,0,1,1,1,1,1,1,1,1,1,1,1,1,1,0,0,0
947,"{""mean"": 59, ""bench"": ""gzip-ad2ebb2666f4c4877b4"", ""payload"": ""{\""file_size\"": 1}""}",0,0,0,0,0,0,0,0,1,2,2,1,1,0,0,0,1,0,0,0,0,1,0,0,1,0,0,0,0,0
84,"{""mean"": 59, ""bench"": ""gzip-ad2ebb2666f4c4877b4"", ""payload"": ""{\""file_size\"": 1}""}",1,0,0,0,0,1,0,0,0,0,1,0,0,0,0,1,1,1,1,1,1,0,0,0,0,1,0,0,0,0
602,"{""mean"": 59, ""bench"": ""gzip-ad2ebb2666f4c4877b4"", ""payload"": ""{\""file_size\"": 1}""}",0,0,1,1,1,1,1,1,1,2,2,2,1,1,1,0,0,0,0,0,0,0,0,0,0,0,0,0,0,0
150,"{""mean"": 59, ""bench"": ""gzip-ad2ebb2666f4c4877b4"", ""payload"": ""{\""file_size\"": 1}""}",1,1,1,0,0,0,0,0,0,0,0,0,0,0,0,0,0,0,0,1,1,1,2,2,1,1,1,0,0,1
344,"{""mean"": 59, ""bench"": ""gzip-ad2ebb2666f4c4877b4"", ""payload"": ""{\""file_size\"": 1}""}",0,0,0,0,0,0,0,0,0,0,0,0,0,0,0,0,1,1,1,1,1,1,1,1,1,1,1,1,1,1
1018,"{""mean"": 59, ""bench"": ""gzip-ad2ebb2666f4c4877b4"", ""payload"": ""{\""file_size\"": 1}""}",1,1,0,0,0,0,0,2,3,0,0,0,0,0,0,0,1,1,1,0,0,0,0,1,1,0,0,0,0,0
229,"{""mean"": 59, ""bench"": ""gzip-ad2ebb2666f4c4877b4"", ""payload"": ""{\""file_size\"": 1}""}",1,1,1,1,1,1,1,1,1,1,1,1,1,1,1,1,1,1,1,1,1,1,1,1,1,1,1,1,1,1
29,"{""mean"": 2, ""bench"": ""disk-rand-0ebf93f8938852"", ""payload"": ""{\""byte_size\"": 4096, \""file_size\"": 1}""}",0,0,0,0,0,1,0,0,0,1,1,1,1,1,1,1,1,1,1,1,1,1,0,0,0,0,0,0,0,0
102,"{""mean"": 59, ""bench"": ""gzip-ad2ebb2666f4c4877b4"", ""payload"": ""{\""file_size\"": 1}""}",0,0,0,0,0,1,0,0,0,1,0,0,0,0,0,0,5,2,0,0,0,0,0,0,0,0,0,0,0,0
67,"{""mean"": 59, ""bench"": ""gzip-ad2ebb2666f4c4877b4"", ""payload"": ""{\""file_size\"": 1}""}",1,1,1,1,1,1,0,0,0,0,1,0,1,0,0,0,0,0,1,1,1,1,1,1,1,1,1,1,1,1
326,"{""mean"": 59, ""bench"": ""gzip-ad2ebb2666f4c4877b4"", ""payload"": ""{\""file_size\"": 1}""}",1,1,1,1,0,0,0,0,0,0,0,0,0,0,0,0,1,0,1,1,1,1,1,1,1,1,1,1,1,1
8703,"{""mean"": 59, ""bench"": ""gzip-ad2ebb2666f4c4877b4"", ""payload"": ""{\""file_size\"": 1}""}",1,1,1,1,1,1,1,1,0,1,0,0,0,1,1,1,0,1,1,0,0,1,1,1,1,1,1,1,0,0
123,"{""mean"": 59, ""bench"": ""gzip-ad2ebb2666f4c4877b4"", ""payload"": ""{\""file_size\"": 1}""}",0,0,0,0,0,0,0,0,0,0,0,1,1,0,1,1,3,1,1,0,0,0,0,0,0,0,0,0,0,0
332,"{""mean"": 59, ""bench"": ""gzip-ad2ebb2666f4c4877b4"", ""payload"": ""{\""file_size\"": 1}""}",0,0,0,1,1,1,1,1,1,0,1,1,1,0,0,0,1,0,0,1,0,0,0,0,1,0,0,1,1,1
62,"{""mean"": 59, ""bench"": ""gzip-ad2ebb2666f4c4877b4"", ""payload"": ""{\""file_size\"": 1}""}",1,0,0,0,0,0,0,1,1,0,0,0,0,1,1,1,1,1,1,1,1,1,1,1,0,0,0,0,0,0
70,"{""mean"": 59, ""bench"": ""gzip-ad2ebb2666f4c4877b4"", ""payload"": ""{\""file_size\"": 1}""}",1,0,0,1,1,0,0,1,1,1,0,1,1,0,1,1,1,0,1,1,0,0,1,1,0,0,1,1,0,0
103,"{""mean"": 59, ""bench"": ""gzip-ad2ebb2666f4c4877b4"", ""payload"": ""{\""file_size\"": 1}""}",0,0,0,0,0,0,0,0,0,0,0,0,0,0,1,1,1,1,1,0,1,1,1,1,1,1,0,0,0,0
1925,"{""mean"": 59, ""bench"": ""gzip-ad2ebb2666f4c4877b4"", ""payload"": ""{\""file_size\"": 1}""}",0,0,0,0,0,0,0,0,0,0,0,0,0,0,0,0,0,1,1,1,1,1,1,1,1,1,1,1,1,1
476,"{""mean"": 59, ""bench"": ""gzip-ad2ebb2666f4c4877b4"", ""payload"": ""{\""file_size\"": 1}""}",0,0,0,0,0,0,1,0,0,0,0,0,1,1,1,1,1,1,1,1,1,1,0,0,0,0,0,0,0,0
108,"{""mean"": 59, ""bench"": ""gzip-ad2ebb2666f4c4877b4"", ""payload"": ""{\""file_size\"": 1}""}",0,0,0,0,0,0,0,1,2,0,0,0,0,0,0,0,1,1,1,1,1,0,0,1,1,0,0,0,0,0
136,"{""mean"": 59, ""bench"": ""gzip-ad2ebb2666f4c4877b4"", ""payload"": ""{\""file_size\"": 1}""}",0,0,1,1,0,0,0,0,0,0,0,0,1,1,0,0,0,1,1,1,1,1,1,1,0,1,0,0,0,0
323,"{""mean"": 59, ""bench"": ""gzip-ad2ebb2666f4c4877b4"", ""payload"": ""{\""file_size\"": 1}""}",0,0,0,0,0,0,0,0,0,0,0,0,0,0,0,0,0,0,0,1,1,0,0,1,1,1,1,1,1,1
625,"{""mean"": 59, ""bench"": ""gzip-ad2ebb2666f4c4877b4"", ""payload"": ""{\""file_size\"": 1}""}",1,1,1,1,1,1,1,1,0,0,0,0,0,0,0,0,0,0,0,0,0,0,0,0,0,0,0,1,1,1
236,"{""mean"": 59, ""bench"": ""gzip-ad2ebb2666f4c4877b4"", ""payload"": ""{\""file_size\"": 1}""}",0,0,0,0,1,2,1,0,0,0,1,0,0,0,0,1,0,0,0,0,4,1,0,0,0,0,0,0,0,0
187,"{""mean"": 59, ""bench"": ""gzip-ad2ebb2666f4c4877b4"", ""payload"": ""{\""file_size\"": 1}""}",0,0,1,0,0,0,0,1,0,0,1,0,1,0,0,0,0,0,0,0,0,1,0,1,1,1,1,0,1,0
2758,"{""mean"": 59, ""bench"": ""gzip-ad2ebb2666f4c4877b4"", ""payload"": ""{\""file_size\"": 1}""}",0,0,0,0,0,0,0,0,0,0,0,0,0,0,0,0,0,0,0,0,0,1,2,2,2,2,2,0,0,0
67890,"{""mean"": 59, ""bench"": ""gzip-ad2ebb2666f4c4877b4"", ""payload"": ""{\""file_size\"": 1}""}",1,0,0,0,0,0,0,0,0,0,0,0,0,0,0,1,1,0,1,1,1,1,1,1,1,1,1,1,0,0
153,"{""mean"": 59, ""bench"": ""gzip-ad2ebb2666f4c4877b4"", ""payload"": ""{\""file_size\"": 1}""}",0,0,0,0,0,0,0,0,0,0,0,0,0,0,0,1,1,1,1,1,1,1,1,1,1,1,1,1,1,1
144,"{""mean"": 59, ""bench"": ""gzip-ad2ebb2666f4c4877b4"", ""payload"": ""{\""file_size\"": 1}""}",0,0,0,0,0,0,0,0,0,0,0,0,0,0,0,0,0,0,0,0,1,1,1,1,1,1,1,1,0,0
466,"{""mean"": 59, ""bench"": ""gzip-ad2ebb2666f4c4877b4"", ""payload"": ""{\""file_size\"": 1}""}",0,0,1,1,0,0,0,0,0,0,0,0,0,0,0,0,0,0,0,1,1,1,1,1,1,1,1,1,1,1
2448,"{""mean"": 59, ""bench"": ""gzip-ad2ebb2666f4c4877b4"", ""payload"": ""{\""file_size\"": 1}""}",0,0,0,0,0,0,0,0,0,1,1,1,1,1,1,1,1,1,1,1,1,1,1,1,1,1,1,0,0,0
66,"{""mean"": 59, ""bench"": ""gzip-ad2ebb2666f4c4877b4"", ""payload"": ""{\""file_size\"": 1}""}",1,0,0,0,0,0,1,1,0,0,0,0,0,0,0,0,0,0,0,0,0,1,1,0,1,1,1,1,1,1
61,"{""mean"": 59, ""bench"": ""gzip-ad2ebb2666f4c4877b4"", ""payload"": ""{\""file_size\"": 1}""}",0,1,0,1,0,0,0,0,0,0,0,0,0,0,0,0,0,0,0,0,0,0,0,0,0,0,0,0,0,0
83,"{""mean"": 59, ""bench"": ""gzip-ad2ebb2666f4c4877b4"", ""payload"": ""{\""file_size\"": 1}""}",0,0,0,0,0,0,0,0,0,0,0,0,0,0,0,0,0,0,0,0,1,1,1,1,1,1,1,1,0,0
64453,"{""mean"": 59, ""bench"": ""gzip-ad2ebb2666f4c4877b4"", ""payload"": ""{\""file_size\"": 1}""}",0,0,1,1,0,0,1,1,1,1,0,0,0,0,1,1,0,1,0,0,0,0,0,0,1,0,1,0,1,0
1435,"{""mean"": 59, ""bench"": ""gzip-ad2ebb2666f4c4877b4"", ""payload"": ""{\""file_size\"": 1}""}",0,0,0,0,0,0,0,0,0,0,0,0,0,0,0,1,1,1,1,1,1,1,1,1,1,1,1,0,0,0
417,"{""mean"": 59, ""bench"": ""gzip-ad2ebb2666f4c4877b4"", ""payload"": ""{\""file_size\"": 1}""}",0,0,0,0,0,0,0,0,0,0,0,0,0,0,0,0,1,1,1,1,1,1,1,1,1,1,1,1,0,1
255,"{""mean"": 59, ""bench"": ""gzip-ad2ebb2666f4c4877b4"", ""payload"": ""{\""file_size\"": 1}""}",0,0,0,0,0,0,0,0,0,0,0,0,0,0,0,0,1,1,1,1,1,1,1,0,0,0,1,1,1,1
6192,"{""mean"": 59, ""bench"": ""gzip-ad2ebb2666f4c4877b4"", ""payload"": ""{\""file_size\"": 1}""}",0,0,1,0,0,0,0,2,0,0,0,0,0,2,1,0,0,0,0,0,2,0,0,0,0,0,2,0,0,0
722,"{""mean"": 59, ""bench"": ""gzip-ad2ebb2666f4c4877b4"", ""payload"": ""{\""file_size\"": 1}""}",0,0,0,0,0,0,0,0,0,0,0,0,0,0,0,0,0,0,0,0,0,0,0,1,1,1,0,1,0,1
115,"{""mean"": 59, ""bench"": ""gzip-ad2ebb2666f4c4877b4"", ""payload"": ""{\""file_size\"": 1}""}",0,0,0,0,0,0,0,0,1,0,0,0,0,0,0,0,0,0,0,0,0,0,0,0,0,0,0,0,0,0
729,"{""mean"": 59, ""bench"": ""gzip-ad2ebb2666f4c4877b4"", ""payload"": ""{\""file_size\"": 1}""}",0,0,0,0,0,1,2,0,0,0,0,0,0,0,0,0,0,0,0,0,0,0,0,0,0,0,0,0,0,0
248,"{""mean"": 59, ""bench"": ""gzip-ad2ebb2666f4c4877b4"", ""payload"": ""{\""file_size\"": 1}""}",0,0,0,0,0,0,0,0,0,0,0,1,1,1,1,1,1,1,1,1,1,1,1,1,1,1,1,0,0,0
106,"{""mean"": 59, ""bench"": ""gzip-ad2ebb2666f4c4877b4"", ""payload"": ""{\""file_size\"": 1}""}",0,0,0,0,0,0,0,0,0,0,0,0,0,1,0,1,0,1,1,0,1,0,0,0,0,0,0,0,0,0
113,"{""mean"": 59, ""bench"": ""gzip-ad2ebb2666f4c4877b4"", ""payload"": ""{\""file_size\"": 1}""}",0,0,0,0,0,0,0,0,0,1,1,1,1,1,0,0,0,0,0,0,0,0,0,0,0,0,0,0,0,0
166,"{""mean"": 59, ""bench"": ""gzip-ad2ebb2666f4c4877b4"", ""payload"": ""{\""file_size\"": 1}""}",0,0,0,0,0,0,0,0,0,0,0,1,1,1,1,0,0,0,1,1,1,1,1,0,0,0,0,0,0,0
275,"{""mean"": 59, ""bench"": ""gzip-ad2ebb2666f4c4877b4"", ""payload"": ""{\""file_size\"": 1}""}",0,0,0,0,0,0,0,0,1,1,1,1,1,0,0,0,0,0,0,0,1,1,1,1,0,0,0,0,0,0
706,"{""mean"": 59, ""bench"": ""gzip-ad2ebb2666f4c4877b4"", ""payload"": ""{\""file_size\"": 1}""}",0,0,0,0,0,0,0,0,0,1,0,0,0,0,0,0,5,2,0,0,0,0,0,0,0,0,0,0,0,0
327,"{""mean"": 59, ""bench"": ""gzip-ad2ebb2666f4c4877b4"", ""payload"": ""{\""file_size\"": 1}""}",0,0,0,0,0,0,0,1,0,0,1,0,0,0,0,0,0,0,1,1,1,1,1,1,1,1,0,0,0,0
1090,"{""mean"": 59, ""bench"": ""gzip-ad2ebb2666f4c4877b4"", ""payload"": ""{\""file_size\"": 1}""}",0,0,0,0,0,0,0,0,0,0,0,0,0,0,0,0,0,0,0,0,0,0,0,0,0,1,1,1,1,1
128,"{""mean"": 59, ""bench"": ""gzip-ad2ebb2666f4c4877b4"", ""payload"": ""{\""file_size\"": 1}""}",0,0,0,0,0,0,0,0,0,0,0,1,1,0,0,0,1,2,1,0,0,0,0,0,0,0,0,0,0,0
4516,"{""mean"": 59, ""bench"": ""gzip-ad2ebb2666f4c4877b4"", ""payload"": ""{\""file_size\"": 1}""}",1,0,0,1,1,1,0,1,0,1,1,1,1,0,1,0,0,1,0,0,0,0,0,0,0,0,0,0,0,0
997,"{""mean"": 59, ""bench"": ""gzip-ad2ebb2666f4c4877b4"", ""payload"": ""{\""file_size\"": 1}""}",0,0,0,0,0,0,0,0,0,0,0,0,0,0,0,1,1,1,1,1,0,0,1,1,1,1,0,0,0,0
638,"{""mean"": 59, ""bench"": ""gzip-ad2ebb2666f4c4877b4"", ""payload"": ""{\""file_size\"": 1}""}",1,1,1,0,1,0,1,0,0,0,0,0,0,0,0,0,0,0,0,0,0,0,0,0,0,0,0,1,1,1
97,"{""mean"": 59, ""bench"": ""gzip-ad2ebb2666f4c4877b4"", ""payload"": ""{\""file_size\"": 1}""}",0,0,0,0,0,0,0,0,0,0,0,0,0,0,0,0,0,1,0,0,0,0,0,1,1,1,0,0,0,0
414,"{""mean"": 59, ""bench"": ""gzip-ad2ebb2666f4c4877b4"", ""payload"": ""{\""file_size\"": 1}""}",0,0,0,1,1,1,1,1,0,0,0,1,1,1,0,0,0,0,0,0,0,0,0,0,0,0,0,0,0,0
2801,"{""mean"": 59, ""bench"": ""gzip-ad2ebb2666f4c4877b4"", ""payload"": ""{\""file_size\"": 1}""}",0,0,0,0,0,0,0,0,0,0,0,0,0,0,0,0,0,0,0,0,0,0,0,0,0,0,3,3,1,0
2445,"{""mean"": 59, ""bench"": ""gzip-ad2ebb2666f4c4877b4"", ""payload"": ""{\""file_size\"": 1}""}",3,3,0,0,0,0,0,0,0,0,0,0,0,0,0,0,0,0,0,0,0,0,0,0,0,0,0,0,0,2
146,"{""mean"": 59, ""bench"": ""gzip-ad2ebb2666f4c4877b4"", ""payload"": ""{\""file_size\"": 1}""}",0,0,1,1,1,1,1,0,0,0,0,0,0,0,0,0,0,0,0,0,0,0,0,0,0,0,0,0,0,1
1088,"{""mean"": 59, ""bench"": ""gzip-ad2ebb2666f4c4877b4"", ""payload"": ""{\""file_size\"": 1}""}",0,0,0,1,1,0,1,0,0,0,0,0,1,0,0,0,0,0,0,0,0,0,1,1,1,1,0,0,0,0
6539,"{""mean"": 59, ""bench"": ""gzip-ad2ebb2666f4c4877b4"", ""payload"": ""{\""file_size\"": 1}""}",1,0,0,0,0,0,0,0,0,0,1,0,1,0,0,1,0,0,0,0,1,1,0,0,0,0,0,0,0,0
121,"{""mean"": 59, ""bench"": ""gzip-ad2ebb2666f4c4877b4"", ""payload"": ""{\""file_size\"": 1}""}",0,0,0,0,0,0,0,0,0,0,0,0,0,0,0,0,0,0,0,0,0,0,1,0,0,0,0,0,0,0
923,"{""mean"": 59, ""bench"": ""gzip-ad2ebb2666f4c4877b4"", ""payload"": ""{\""file_size\"": 1}""}",0,0,0,0,0,0,0,0,0,0,0,0,0,0,0,0,0,0,1,0,1,0,0,0,1,1,1,1,2,1
114,"{""mean"": 59, ""bench"": ""gzip-ad2ebb2666f4c4877b4"", ""payload"": ""{\""file_size\"": 1}""}",0,0,0,0,0,0,0,0,0,0,0,0,0,0,0,0,0,0,0,1,1,1,1,1,1,1,0,0,1,1
137,"{""mean"": 59, ""bench"": ""gzip-ad2ebb2666f4c4877b4"", ""payload"": ""{\""file_size\"": 1}""}",0,0,0,0,0,0,0,0,0,0,0,0,0,0,0,0,0,0,0,0,0,0,0,0,0,0,0,0,1,0
802,"{""mean"": 59, ""bench"": ""gzip-ad2ebb2666f4c4877b4"", ""payload"": ""{\""file_size\"": 1}""}",0,0,0,0,0,0,0,0,0,0,1,0,0,0,0,0,0,0,0,0,0,0,0,0,0,0,0,0,0,1
2091,"{""mean"": 59, ""bench"": ""gzip-ad2ebb2666f4c4877b4"", ""payload"": ""{\""file_size\"": 1}""}",0,0,0,0,0,0,0,0,0,1,0,0,0,0,0,0,0,0,1,0,1,1,0,0,0,0,0,0,0,0
363,"{""mean"": 59, ""bench"": ""gzip-ad2ebb2666f4c4877b4"", ""payload"": ""{\""file_size\"": 1}""}",0,0,0,0,0,0,0,0,0,0,0,0,0,0,0,0,0,0,0,0,0,0,0,1,1,1,1,1,1,1
778,"{""mean"": 59, ""bench"": ""gzip-ad2ebb2666f4c4877b4"", ""payload"": ""{\""file_size\"": 1}""}",0,0,0,0,0,0,0,0,3,4,0,0,0,0,0,0,0,0,0,0,0,0,0,0,0,0,0,0,0,0
760,"{""mean"": 59, ""bench"": ""gzip-ad2ebb2666f4c4877b4"", ""payload"": ""{\""file_size\"": 1}""}",0,0,0,0,0,0,0,0,0,0,0,0,0,0,0,0,0,0,1,0,1,0,0,1,1,0,1,1,1,1
18783,"{""mean"": 59, ""bench"": ""gzip-ad2ebb2666f4c4877b4"", ""payload"": ""{\""file_size\"": 1}""}",0,0,0,0,0,0,0,1,1,1,1,1,0,0,0,0,0,0,0,0,0,0,0,0,0,0,0,0,0,0
451,"{""mean"": 59, ""bench"": ""gzip-ad2ebb2666f4c4877b4"", ""payload"": ""{\""file_size\"": 1}""}",0,0,0,0,0,0,0,0,0,0,0,0,0,0,0,0,0,0,0,0,0,0,0,0,0,1,0,0,0,0
415,"{""mean"": 59, ""bench"": ""gzip-ad2ebb2666f4c4877b4"", ""payload"": ""{\""file_size\"": 1}""}",1,0,0,0,0,0,0,0,0,1,1,1,1,0,0,0,0,0,0,0,0,0,0,0,0,0,0,0,0,1
888,"{""mean"": 59, ""bench"": ""gzip-ad2ebb2666f4c4877b4"", ""payload"": ""{\""file_size\"": 1}""}",0,0,1,1,0,0,0,1,1,0,0,0,1,0,0,0,0,1,0,0,0,0,1,0,0,0,0,1,0,0
314,"{""mean"": 59, ""bench"": ""gzip-ad2ebb2666f4c4877b4"", ""payload"": ""{\""file_size\"": 1}""}",0,1,1,0,0,0,0,0,1,0,0,0,0,0,0,0,0,0,0,0,1,0,0,0,0,0,0,0,0,0
130,"{""mean"": 59, ""bench"": ""gzip-ad2ebb2666f4c4877b4"", ""payload"": ""{\""file_size\"": 1}""}",0,0,0,1,0,2,0,0,0,0,0,0,0,0,0,0,0,0,0,0,0,0,0,0,0,0,0,0,0,0
177,"{""mean"": 59, ""bench"": ""gzip-ad2ebb2666f4c4877b4"", ""payload"": ""{\""file_size\"": 1}""}",0,0,0,0,0,0,0,0,0,0,0,0,0,0,0,0,0,0,2,0,0,0,0,0,0,0,0,0,0,0
240,"{""mean"": 59, ""bench"": ""gzip-ad2ebb2666f4c4877b4"", ""payload"": ""{\""file_size\"": 1}""}",0,0,0,0,0,0,0,0,0,0,0,0,0,0,0,0,0,0,0,0,0,0,0,0,0,0,1,0,0,0
552,"{""mean"": 59, ""bench"": ""gzip-ad2ebb2666f4c4877b4"", ""payload"": ""{\""file_size\"": 1}""}",0,0,0,0,0,0,0,0,0,0,0,0,0,0,0,1,1,0,0,0,0,0,0,0,0,0,0,0,0,0
178,"{""mean"": 59, ""bench"": ""gzip-ad2ebb2666f4c4877b4"", ""payload"": ""{\""file_size\"": 1}""}",0,0,0,0,0,0,0,0,0,0,0,0,0,0,0,0,0,0,0,1,0,0,0,0,0,0,0,0,0,0
1274,"{""mean"": 59, ""bench"": ""gzip-ad2ebb2666f4c4877b4"", ""payload"": ""{\""file_size\"": 1}""}",0,0,0,0,0,0,0,0,0,0,0,0,0,0,0,0,0,2,2,0,0,0,0,0,0,0,0,0,0,0
257,"{""mean"": 59, ""bench"": ""gzip-ad2ebb2666f4c4877b4"", ""payload"": ""{\""file_size\"": 1}""}",0,0,0,0,0,0,0,0,0,0,0,0,0,0,0,0,0,0,0,0,0,0,0,0,0,0,0,0,0,1
1147,"{""mean"": 59, ""bench"": ""gzip-ad2ebb2666f4c4877b4"", ""payload"": ""{\""file_size\"": 1}""}",0,0,0,0,0,0,0,0,0,0,0,0,0,1,0,1,1,1,1,1,1,0,0,0,0,0,0,0,0,0
426,"{""mean"": 59, ""bench"": ""gzip-ad2ebb2666f4c4877b4"", ""payload"": ""{\""file_size\"": 1}""}",0,0,0,0,0,0,0,0,2,0,0,0,0,0,0,0,0,0,0,0,0,0,0,0,0,1,1,1,0,0
4205,"{""mean"": 59, ""bench"": ""gzip-ad2ebb2666f4c4877b4"", ""payload"": ""{\""file_size\"": 1}""}",0,0,5,0,0,0,0,0,0,0,0,0,0,0,0,0,0,0,0,0,0,0,0,0,0,0,0,0,0,0
281,"{""mean"": 59, ""bench"": ""gzip-ad2ebb2666f4c4877b4"", ""payload"": ""{\""file_size\"": 1}""}",0,0,0,0,0,0,0,0,0,0,0,0,0,0,0,0,0,1,1,0,0,0,0,0,0,0,0,0,0,0
731,"{""mean"": 59, ""bench"": ""gzip-ad2ebb2666f4c4877b4"", ""payload"": ""{\""file_size\"": 1}""}",0,0,0,0,0,0,0,0,2,2,1,0,0,0,0,0,0,0,0,0,0,0,0,0,0,0,0,0,0,0
77,"{""mean"": 59, ""bench"": ""gzip-ad2ebb2666f4c4877b4"", ""payload"": ""{\""file_size\"": 1}""}",1,1,0,0,0,0,0,0,0,0,0,0,0,0,0,0,0,0,0,0,0,0,0,0,0,0,0,0,0,0
221,"{""mean"": 59, ""bench"": ""gzip-ad2ebb2666f4c4877b4"", ""payload"": ""{\""file_size\"": 1}""}",0,0,0,0,0,0,0,0,0,0,0,0,0,0,0,0,0,0,0,0,0,0,0,0,0,0,0,0,0,1
271,"{""mean"": 59, ""bench"": ""gzip-ad2ebb2666f4c4877b4"", ""payload"": ""{\""file_size\"": 1}""}",1,1,0,0,0,0,0,0,0,0,0,0,0,0,0,0,0,0,0,0,0,1,0,0,0,0,0,0,1,1
1933,"{""mean"": 59, ""bench"": ""gzip-ad2ebb2666f4c4877b4"", ""payload"": ""{\""file_size\"": 1}""}",0,0,0,0,0,0,0,0,0,0,0,0,1,1,0,0,0,0,0,0,0,0,0,1,0,0,0,0,0,0
118,"{""mean"": 59, ""bench"": ""gzip-ad2ebb2666f4c4877b4"", ""payload"": ""{\""file_size\"": 1}""}",0,0,0,0,0,0,0,0,0,0,1,0,0,0,0,0,0,0,0,0,0,0,0,0,0,0,0,0,0,0
181,"{""mean"": 59, ""bench"": ""gzip-ad2ebb2666f4c4877b4"", ""payload"": ""{\""file_size\"": 1}""}",0,0,0,0,0,0,0,0,0,0,0,1,1,0,1,0,0,0,0,0,0,0,0,0,0,0,0,0,0,0
1433,"{""mean"": 59, ""bench"": ""gzip-ad2ebb2666f4c4877b4"", ""payload"": ""{\""file_size\"": 1}""}",0,0,0,0,0,0,0,0,0,0,0,0,0,0,0,0,0,0,1,0,0,0,0,0,0,0,0,0,0,0
488,"{""mean"": 59, ""bench"": ""gzip-ad2ebb2666f4c4877b4"", ""payload"": ""{\""file_size\"": 1}""}",1,0,0,0,0,0,0,0,0,0,0,1,1,0,1,0,0,0,0,0,0,0,0,0,0,0,0,0,0,0
132,"{""mean"": 59, ""bench"": ""gzip-ad2ebb2666f4c4877b4"", ""payload"": ""{\""file_size\"": 1}""}",0,0,0,0,0,0,0,0,0,0,0,0,0,0,0,0,0,0,0,0,0,0,0,0,0,0,1,1,0,0
335,"{""mean"": 59, ""bench"": ""gzip-ad2ebb2666f4c4877b4"", ""payload"": ""{\""file_size\"": 1}""}",0,0,0,0,0,0,0,0,0,0,0,0,0,1,0,0,0,0,1,1,0,0,0,1,0,0,0,0,0,0
548,"{""mean"": 59, ""bench"": ""gzip-ad2ebb2666f4c4877b4"", ""payload"": ""{\""file_size\"": 1}""}",0,0,0,0,0,0,0,0,1,0,0,0,0,0,0,0,0,0,0,0,0,0,0,0,0,0,0,0,0,0
99,"{""mean"": 59, ""bench"": ""gzip-ad2ebb2666f4c4877b4"", ""payload"": ""{\""file_size\"": 1}""}",0,0,0,0,0,0,0,0,0,0,1,0,0,0,0,0,0,0,0,0,0,0,0,0,0,0,0,0,0,0
8607,"{""mean"": 59, ""bench"": ""gzip-ad2ebb2666f4c4877b4"", ""payload"": ""{\""file_size\"": 1}""}",0,0,0,0,0,0,1,1,1,1,1,1,0,0,0,0,0,0,0,0,0,0,0,0,0,0,0,0,0,0
892,"{""mean"": 59, ""bench"": ""gzip-ad2ebb2666f4c4877b4"", ""payload"": ""{\""file_size\"": 1}""}",0,0,0,0,0,0,0,0,0,0,0,0,0,0,0,0,0,0,0,0,0,0,0,0,0,0,0,1,0,0
9316,"{""mean"": 59, ""bench"": ""gzip-ad2ebb2666f4c4877b4"", ""payload"": ""{\""file_size\"": 1}""}",0,0,0,0,0,0,0,0,0,0,0,0,0,0,0,0,0,0,0,1,0,0,0,1,1,0,0,0,0,0
211,"{""mean"": 59, ""bench"": ""gzip-ad2ebb2666f4c4877b4"", ""payload"": ""{\""file_size\"": 1}""}",0,0,0,0,0,0,0,0,0,0,0,0,0,0,0,0,0,0,0,0,0,0,0,0,0,0,1,0,0,0
1510,"{""mean"": 59, ""bench"": ""gzip-ad2ebb2666f4c4877b4"", ""payload"": ""{\""file_size\"": 1}""}",0,0,0,0,0,0,0,0,0,0,0,0,0,0,2,2,0,0,0,0,0,0,0,0,0,0,0,0,0,0
296,"{""mean"": 59, ""bench"": ""gzip-ad2ebb2666f4c4877b4"", ""payload"": ""{\""file_size\"": 1}""}",0,0,0,0,0,0,0,1,0,0,0,0,0,0,0,0,0,0,0,0,0,0,0,0,0,0,0,0,0,0
184,"{""mean"": 59, ""bench"": ""gzip-ad2ebb2666f4c4877b4"", ""payload"": ""{\""file_size\"": 1}""}",0,0,0,0,0,0,0,0,0,0,0,0,0,0,0,0,0,0,1,2,0,0,0,0,0,0,0,0,0,0
1961,"{""mean"": 59, ""bench"": ""gzip-ad2ebb2666f4c4877b4"", ""payload"": ""{\""file_size\"": 1}""}",0,0,0,0,0,0,0,0,0,0,0,0,0,0,0,0,0,0,0,0,0,0,0,0,1,0,0,0,0,0
209,"{""mean"": 59, ""bench"": ""gzip-ad2ebb2666f4c4877b4"", ""payload"": ""{\""file_size\"": 1}""}",0,0,0,0,0,0,0,0,0,0,0,0,0,0,0,0,0,0,0,0,0,0,0,0,0,0,0,0,1,0
231,"{""mean"": 59, ""bench"": ""gzip-ad2ebb2666f4c4877b4"", ""payload"": ""{\""file_size\"": 1}""}",0,0,0,0,0,0,0,0,0,0,0,0,0,0,0,0,0,0,0,0,0,0,0,1,1,1,0,0,0,0
51641,"{""mean"": 59, ""bench"": ""gzip-ad2ebb2666f4c4877b4"", ""payload"": ""{\""file_size\"": 1}""}",0,0,1,1,1,1,0,0,0,0,0,0,0,0,0,0,0,0,0,0,0,0,0,0,0,0,0,0,0,0
570,"{""mean"": 59, ""bench"": ""gzip-ad2ebb2666f4c4877b4"", ""payload"": ""{\""file_size\"": 1}""}",0,1,0,0,0,0,0,0,0,0,0,0,0,0,0,0,0,0,0,0,1,0,0,0,0,0,0,0,0,0
287,"{""mean"": 59, ""bench"": ""gzip-ad2ebb2666f4c4877b4"", ""payload"": ""{\""file_size\"": 1}""}",2,0,0,0,0,0,0,0,0,0,0,0,0,0,0,0,0,0,0,0,0,0,0,0,0,0,0,0,0,0
707,"{""mean"": 59, ""bench"": ""gzip-ad2ebb2666f4c4877b4"", ""payload"": ""{\""file_size\"": 1}""}",0,0,0,0,0,1,0,0,0,0,0,0,0,0,0,0,0,0,0,0,0,0,0,0,0,0,0,0,0,0
199,"{""mean"": 59, ""bench"": ""gzip-ad2ebb2666f4c4877b4"", ""payload"": ""{\""file_size\"": 1}""}",0,0,0,0,0,0,0,0,0,0,1,0,0,0,0,0,0,1,0,0,0,0,0,0,0,0,0,0,0,0
192,"{""mean"": 59, ""bench"": ""gzip-ad2ebb2666f4c4877b4"", ""payload"": ""{\""file_size\"": 1}""}",0,0,0,0,0,0,0,0,0,0,1,1,0,0,0,0,0,0,0,0,0,0,0,0,0,0,0,0,0,0
579,"{""mean"": 59, ""bench"": ""gzip-ad2ebb2666f4c4877b4"", ""payload"": ""{\""file_size\"": 1}""}",0,0,0,0,0,0,0,0,0,0,2,0,0,0,0,0,0,1,0,0,0,0,0,0,0,0,0,0,0,0
17042,"{""mean"": 59, ""bench"": ""gzip-ad2ebb2666f4c4877b4"", ""payload"": ""{\""file_size\"": 1}""}",0,0,0,0,0,0,0,0,0,0,0,0,0,2,0,0,0,0,0,0,0,2,0,0,0,0,0,0,0,0
1058,"{""mean"": 59, ""bench"": ""gzip-ad2ebb2666f4c4877b4"", ""payload"": ""{\""file_size\"": 1}""}",0,0,0,0,0,0,0,0,0,0,0,0,0,0,0,0,0,0,0,0,0,0,1,1,0,0,0,1,1,0
3109,"{""mean"": 59, ""bench"": ""gzip-ad2ebb2666f4c4877b4"", ""payload"": ""{\""file_size\"": 1}""}",0,0,0,0,0,0,0,0,0,0,0,0,0,0,0,0,0,0,0,0,0,0,0,0,0,3,0,0,0,0
27094,"{""mean"": 59, ""bench"": ""gzip-ad2ebb2666f4c4877b4"", ""payload"": ""{\""file_size\"": 1}""}",0,0,0,0,0,0,0,0,0,0,0,0,0,0,0,0,0,0,0,1,1,1,1,0,0,0,0,0,0,0
407,"{""mean"": 59, ""bench"": ""gzip-ad2ebb2666f4c4877b4"", ""payload"": ""{\""file_size\"": 1}""}",0,0,0,0,0,0,0,0,0,0,0,0,0,0,0,0,0,0,0,0,0,0,0,0,0,0,1,1,0,0
1705,"{""mean"": 59, ""bench"": ""gzip-ad2ebb2666f4c4877b4"", ""payload"": ""{\""file_size\"": 1}""}",0,0,1,1,1,0,0,0,0,0,0,0,0,0,0,0,0,0,0,0,0,0,0,0,0,0,0,0,0,0
355,"{""mean"": 59, ""bench"": ""gzip-ad2ebb2666f4c4877b4"", ""payload"": ""{\""file_size\"": 1}""}",0,0,0,0,0,0,0,0,0,0,0,0,0,0,0,0,0,1,0,0,0,0,1,0,0,0,0,0,0,0
226,"{""mean"": 59, ""bench"": ""gzip-ad2ebb2666f4c4877b4"", ""payload"": ""{\""file_size\"": 1}""}",0,0,0,0,0,0,0,0,0,0,0,0,0,0,0,0,0,0,0,0,0,0,1,1,1,0,0,0,0,0
230,"{""mean"": 59, ""bench"": ""gzip-ad2ebb2666f4c4877b4"", ""payload"": ""{\""file_size\"": 1}""}",0,0,0,0,0,0,0,0,0,0,0,0,0,0,0,0,0,0,0,0,1,1,0,1,0,0,0,0,0,0
3004,"{""mean"": 59, ""bench"": ""gzip-ad2ebb2666f4c4877b4"", ""payload"": ""{\""file_size\"": 1}""}",0,0,0,0,0,0,0,0,0,0,0,0,0,0,0,0,1,0,0,0,0,0,0,0,0,0,0,0,0,0
318,"{""mean"": 59, ""bench"": ""gzip-ad2ebb2666f4c4877b4"", ""payload"": ""{\""file_size\"": 1}""}",0,0,0,0,0,0,0,0,0,0,0,0,0,0,0,0,0,0,0,1,0,0,0,0,0,0,0,0,0,0
509,"{""mean"": 59, ""bench"": ""gzip-ad2ebb2666f4c4877b4"", ""payload"": ""{\""file_size\"": 1}""}",0,0,0,0,0,0,0,0,0,0,0,0,0,0,0,1,1,1,0,0,0,0,0,0,0,0,0,0,0,0
911,"{""mean"": 59, ""bench"": ""gzip-ad2ebb2666f4c4877b4"", ""payload"": ""{\""file_size\"": 1}""}",0,0,0,0,0,1,0,0,0,0,0,0,0,0,0,0,0,0,0,0,0,0,0,0,0,0,0,0,0,0
2879,"{""mean"": 59, ""bench"": ""gzip-ad2ebb2666f4c4877b4"", ""payload"": ""{\""file_size\"": 1}""}",0,0,0,0,0,0,0,0,0,0,0,0,0,0,0,0,0,0,0,1,0,0,0,0,0,1,0,0,0,0
830,"{""mean"": 59, ""bench"": ""gzip-ad2ebb2666f4c4877b4"", ""payload"": ""{\""file_size\"": 1}""}",0,0,0,0,0,0,0,0,0,0,0,0,0,0,0,1,1,1,0,0,0,0,0,0,0,0,0,0,0,0
3579,"{""mean"": 59, ""bench"": ""gzip-ad2ebb2666f4c4877b4"", ""payload"": ""{\""file_size\"": 1}""}",0,0,0,0,0,0,0,0,0,0,0,0,0,1,0,0,0,0,0,0,0,0,0,1,0,0,0,0,0,0
1667,"{""mean"": 59, ""bench"": ""gzip-ad2ebb2666f4c4877b4"", ""payload"": ""{\""file_size\"": 1}""}",0,0,0,0,0,0,0,0,0,0,0,0,1,0,0,0,0,0,1,0,0,0,0,0,0,0,0,0,0,0
6004,"{""mean"": 59, ""bench"": ""gzip-ad2ebb2666f4c4877b4"", ""payload"": ""{\""file_size\"": 1}""}",0,0,0,0,0,0,0,0,0,0,0,0,0,0,0,0,0,0,0,0,0,0,0,1,1,0,0,0,0,0
5565,"{""mean"": 59, ""bench"": ""gzip-ad2ebb2666f4c4877b4"", ""payload"": ""{\""file_size\"": 1}""}",0,0,0,0,0,0,0,0,0,0,0,0,0,0,0,0,0,0,0,0,0,0,0,0,0,0,1,1,0,0
811,"{""mean"": 59, ""bench"": ""gzip-ad2ebb2666f4c4877b4"", ""payload"": ""{\""file_size\"": 1}""}",0,1,0,0,0,0,0,0,0,0,0,0,0,0,0,0,0,0,0,0,0,0,0,0,0,0,0,0,0,0
1168,"{""mean"": 59, ""bench"": ""gzip-ad2ebb2666f4c4877b4"", ""payload"": ""{\""file_size\"": 1}""}",0,0,0,0,0,0,0,0,0,0,0,0,2,0,0,0,0,0,0,0,0,0,0,0,0,0,0,0,0,0
1539,"{""mean"": 59, ""bench"": ""gzip-ad2ebb2666f4c4877b4"", ""payload"": ""{\""file_size\"": 1}""}",0,0,0,0,0,0,0,0,0,0,0,0,0,0,0,2,0,0,0,0,0,0,0,0,0,0,0,0,0,0
1409,"{""mean"": 59, ""bench"": ""gzip-ad2ebb2666f4c4877b4"", ""payload"": ""{\""file_size\"": 1}""}",0,0,0,0,0,0,0,0,0,0,0,0,0,0,0,0,0,0,1,0,0,0,0,0,0,0,0,0,0,0
262,"{""mean"": 59, ""bench"": ""gzip-ad2ebb2666f4c4877b4"", ""payload"": ""{\""file_size\"": 1}""}",0,0,0,0,0,0,0,0,0,0,0,0,1,0,0,0,0,0,0,0,0,0,0,0,0,0,0,0,0,0
3563,"{""mean"": 59, ""bench"": ""gzip-ad2ebb2666f4c4877b4"", ""payload"": ""{\""file_size\"": 1}""}",0,0,0,0,0,0,0,0,0,0,0,0,0,0,0,1,0,0,0,0,0,0,0,0,0,0,0,0,0,0
615,"{""mean"": 59, ""bench"": ""gzip-ad2ebb2666f4c4877b4"", ""payload"": ""{\""file_size\"": 1}""}",1,0,0,0,0,0,0,0,0,0,0,0,0,0,0,0,0,0,0,0,0,0,0,0,0,0,0,0,0,0
1777,"{""mean"": 59, ""bench"": ""gzip-ad2ebb2666f4c4877b4"", ""payload"": ""{\""file_size\"": 1}""}",0,0,0,0,0,0,0,0,0,0,0,0,0,0,0,0,1,1,0,0,0,0,0,0,0,0,0,0,0,0
3740,"{""mean"": 59, ""bench"": ""gzip-ad2ebb2666f4c4877b4"", ""payload"": ""{\""file_size\"": 1}""}",0,0,0,0,0,0,1,0,0,0,0,0,0,0,0,0,0,0,0,0,0,0,0,0,0,0,0,0,0,0
799,"{""mean"": 59, ""bench"": ""gzip-ad2ebb2666f4c4877b4"", ""payload"": ""{\""file_size\"": 1}""}",0,0,0,0,0,0,0,0,0,0,0,0,0,0,0,0,0,0,1,1,0,0,0,0,0,0,0,0,0,0
369,"{""mean"": 59, ""bench"": ""gzip-ad2ebb2666f4c4877b4"", ""payload"": ""{\""file_size\"": 1}""}",0,0,0,0,0,0,0,0,0,0,0,0,0,0,1,0,0,0,0,0,0,0,0,0,0,0,0,0,0,0
2062,"{""mean"": 59, ""bench"": ""gzip-ad2ebb2666f4c4877b4"", ""payload"": ""{\""file_size\"": 1}""}",0,0,0,0,0,0,0,0,0,0,1,0,0,0,0,0,0,0,0,0,0,0,0,0,0,0,0,0,0,0
1658,"{""mean"": 59, ""bench"": ""gzip-ad2ebb2666f4c4877b4"", ""payload"": ""{\""file_size\"": 1}""}",0,0,0,0,0,0,0,0,0,0,0,0,0,0,0,0,1,0,0,0,0,0,0,0,0,0,0,0,0,0
1652,"{""mean"": 59, ""bench"": ""gzip-ad2ebb2666f4c4877b4"", ""payload"": ""{\""file_size\"": 1}""}",0,0,0,0,0,0,0,0,0,0,0,0,0,0,0,0,0,0,0,0,0,0,0,0,1,0,0,0,0,0
611,"{""mean"": 59, ""bench"": ""gzip-ad2ebb2666f4c4877b4"", ""payload"": ""{\""file_size\"": 1}""}",0,0,0,0,0,1,0,0,0,0,0,0,0,0,0,0,0,0,0,0,0,0,0,0,0,0,0,0,0,0
339,"{""mean"": 59, ""bench"": ""gzip-ad2ebb2666f4c4877b4"", ""payload"": ""{\""file_size\"": 1}""}",0,1,0,0,0,0,0,0,0,0,0,0,0,0,0,0,0,0,0,0,0,0,0,0,0,0,0,0,0,0
310,"{""mean"": 59, ""bench"": ""gzip-ad2ebb2666f4c4877b4"", ""payload"": ""{\""file_size\"": 1}""}",0,0,0,0,0,0,0,0,0,0,0,0,1,0,0,0,0,0,0,0,0,0,0,0,0,0,0,0,0,0
501,"{""mean"": 59, ""bench"": ""gzip-ad2ebb2666f4c4877b4"", ""payload"": ""{\""file_size\"": 1}""}",0,0,0,0,0,0,0,0,0,0,0,0,0,0,0,0,0,0,0,0,0,0,0,0,0,1,0,0,0,0
1880,"{""mean"": 59, ""bench"": ""gzip-ad2ebb2666f4c4877b4"", ""payload"": ""{\""file_size\"": 1}""}",0,0,0,0,0,0,0,0,0,0,0,0,0,0,0,1,0,0,0,0,0,0,0,0,0,0,0,0,0,0
442,"{""mean"": 59, ""bench"": ""gzip-ad2ebb2666f4c4877b4"", ""payload"": ""{\""file_size\"": 1}""}",0,0,0,0,0,0,0,0,1,0,0,0,0,0,0,0,0,0,0,0,0,0,0,1,0,0,0,0,0,0
241,"{""mean"": 59, ""bench"": ""gzip-ad2ebb2666f4c4877b4"", ""payload"": ""{\""file_size\"": 1}""}",0,0,0,0,0,0,0,0,0,0,0,0,0,0,0,1,0,0,0,0,0,0,0,0,0,0,0,0,0,0
4626,"{""mean"": 59, ""bench"": ""gzip-ad2ebb2666f4c4877b4"", ""payload"": ""{\""file_size\"": 1}""}",0,0,0,0,0,0,0,0,0,0,0,0,0,0,0,0,0,0,0,0,0,0,1,0,0,0,0,0,0,0
1684,"{""mean"": 59, ""bench"": ""gzip-ad2ebb2666f4c4877b4"", ""payload"": ""{\""file_size\"": 1}""}",0,1,0,0,0,0,0,0,0,0,0,0,0,0,0,0,0,0,0,0,0,0,0,0,0,0,0,0,0,0
27330,"{""mean"": 59, ""bench"": ""gzip-ad2ebb2666f4c4877b4"", ""payload"": ""{\""file_size\"": 1}""}",0,0,0,0,0,0,0,0,0,0,0,0,0,0,0,0,1,0,0,0,0,0,0,0,0,0,0,0,0,0
5675,"{""mean"": 59, ""bench"": ""gzip-ad2ebb2666f4c4877b4"", ""payload"": ""{\""file_size\"": 1}""}",0,0,0,0,0,0,0,0,0,0,0,0,0,0,0,0,0,0,0,0,0,0,0,0,1,0,0,0,0,0
1221,"{""mean"": 59, ""bench"": ""gzip-ad2ebb2666f4c4877b4"", ""payload"": ""{\""file_size\"": 1}""}",0,0,0,0,0,1,0,0,0,0,0,0,0,0,0,0,0,0,0,0,0,0,0,0,0,0,0,0,0,0
4723,"{""mean"": 59, ""bench"": ""gzip-ad2ebb2666f4c4877b4"", ""payload"": ""{\""file_size\"": 1}""}",0,0,0,0,0,0,0,0,0,0,0,0,1,0,0,0,0,0,0,0,0,0,0,0,0,0,0,0,0,0
6008,"{""mean"": 59, ""bench"": ""gzip-ad2ebb2666f4c4877b4"", ""payload"": ""{\""file_size\"": 1}""}",0,0,0,0,0,0,0,0,1,0,0,0,0,0,0,0,0,0,0,0,0,0,0,0,0,0,0,0,0,0
2610,"{""mean"": 59, ""bench"": ""gzip-ad2ebb2666f4c4877b4"", ""payload"": ""{\""file_size\"": 1}""}",0,1,0,0,0,0,0,0,0,0,0,0,0,0,0,0,0,0,0,0,0,0,0,0,0,0,0,0,0,0
6319,"{""mean"": 59, ""bench"": ""gzip-ad2ebb2666f4c4877b4"", ""payload"": ""{\""file_size\"": 1}""}",0,0,0,0,0,0,0,0,0,0,0,0,1,0,0,0,0,0,0,0,0,0,0,0,0,0,0,0,0,0
921,"{""mean"": 59, ""bench"": ""gzip-ad2ebb2666f4c4877b4"", ""payload"": ""{\""file_size\"": 1}""}",0,0,0,0,0,0,0,0,0,0,0,0,0,0,0,0,1,0,0,0,0,0,0,0,0,0,0,0,0,0
2367,"{""mean"": 59, ""bench"": ""gzip-ad2ebb2666f4c4877b4"", ""payload"": ""{\""file_size\"": 1}""}",0,0,0,0,0,0,0,0,0,0,0,1,0,0,0,0,0,0,0,0,0,0,0,0,0,0,0,0,0,0
851,"{""mean"": 59, ""bench"": ""gzip-ad2ebb2666f4c4877b4"", ""payload"": ""{\""file_size\"": 1}""}",0,0,0,0,0,0,0,1,0,0,0,0,0,0,0,0,0,0,0,0,0,0,0,0,0,0,0,0,0,0
1699,"{""mean"": 59, ""bench"": ""gzip-ad2ebb2666f4c4877b4"", ""payload"": ""{\""file_size\"": 1}""}",0,0,0,0,0,0,0,0,0,0,0,1,0,0,0,0,0,0,0,0,0,0,0,0,0,0,0,0,0,0
12871,"{""mean"": 59, ""bench"": ""gzip-ad2ebb2666f4c4877b4"", ""payload"": ""{\""file_size\"": 1}""}",0,0,0,0,0,0,0,0,0,0,0,0,0,0,0,0,0,0,0,0,0,0,1,0,0,0,0,0,0,0
1038,"{""mean"": 59, ""bench"": ""gzip-ad2ebb2666f4c4877b4"", ""payload"": ""{\""file_size\"": 1}""}",1,0,0,0,0,0,0,0,0,0,0,0,0,0,0,0,0,0,0,0,0,0,0,0,0,0,0,0,0,0
99282,"{""mean"": 59, ""bench"": ""gzip-ad2ebb2666f4c4877b4"", ""payload"": ""{\""file_size\"": 1}""}",0,0,0,0,0,0,1,0,0,0,0,0,0,0,0,0,0,0,0,0,0,0,0,0,0,0,0,0,0,0
19163,"{""mean"": 59, ""bench"": ""gzip-ad2ebb2666f4c4877b4"", ""payload"": ""{\""file_size\"": 1}""}",0,0,0,0,0,0,0,0,0,0,0,0,0,0,0,0,0,1,0,0,0,0,0,0,0,0,0,0,0,0
7339,"{""mean"": 59, ""bench"": ""gzip-ad2ebb2666f4c4877b4"", ""payload"": ""{\""file_size\"": 1}""}",0,0,0,0,0,0,0,0,0,1,0,0,0,0,0,0,0,0,0,0,0,0,0,0,0,0,0,0,0,0
