avg,mapped_wreq,25,26,27,28,29,30,31,32,33,34,35,36,37,38,39,40,41,42,43,44,45,46,47,48,49,50,51,52,53,54
1633,"{""mean"": 95.200483, ""bench"": ""gzip-c368b61b01ae45d6cce"", ""payload"": ""{\""file_size\"": 30}""}",21,21,21,22,21,20,20,21,20,22,20,21,20,21,20,20,20,21,21,20,20,21,21,21,21,21,20,21,21,21
295,"{""mean"": 95.200483, ""bench"": ""gzip-c368b61b01ae45d6cce"", ""payload"": ""{\""file_size\"": 30}""}",16,16,17,16,16,15,16,16,17,15,15,16,17,16,16,15,16,16,17,15,15,16,17,16,16,15,16,16,17,15
265,"{""mean"": 95.200483, ""bench"": ""gzip-c368b61b01ae45d6cce"", ""payload"": ""{\""file_size\"": 30}""}",9,9,9,8,9,10,9,9,9,8,9,9,9,9,8,9,9,9,8,10,9,9,8,8,9,9,9,9,8,9
31,"{""mean"": 32.541558, ""bench"": ""aes-492138de6d3186e32f9b"", ""payload"": ""{\""message_length\"": 4096, \""num_iterations\"": 2000}""}",58,58,58,55,58,58,53,49,49,49,51,53,51,49,49,51,49,49,49,47,49,53,51,49,51,51,49,45,49,49
43,"{""mean"": 32.541558, ""bench"": ""aes-492138de6d3186e32f9b"", ""payload"": ""{\""message_length\"": 4096, \""num_iterations\"": 2000}""}",37,37,37,37,37,37,35,35,31,29,29,29,27,29,29,29,29,29,29,31,29,29,29,29,31,31,31,27,29,29
4,"{""mean"": 3.076074, ""bench"": ""disk-seq-0ebf93f8938852c"", ""payload"": ""{\""byte_size\"": 4096, \""file_size\"": 1}""}",45,45,45,45,45,45,45,43,45,41,45,43,43,45,43,45,47,47,45,45,45,45,43,45,47,45,45,45,41,45
19,"{""mean"": 7.434727, ""bench"": ""chameleon-98a9142a6c28b3"", ""payload"": ""{\""num_of_cols\"": 100, \""num_of_rows\"": 100}""}",47,47,47,47,49,47,47,45,49,45,47,47,45,49,45,49,49,49,49,49,47,45,45,47,47,47,49,47,45,47
6,"{""mean"": 7.380829, ""bench"": ""float-0b54debcc97c440bcb"", ""payload"": ""{\""n\"": 100000}""}",37,35,35,35,33,31,35,33,33,33,33,31,33,31,35,31,27,31,29,31,31,31,33,35,31,31,33,27,25,25
79,"{""mean"": 95.200483, ""bench"": ""gzip-c368b61b01ae45d6cce"", ""payload"": ""{\""file_size\"": 30}""}",3,3,3,3,3,3,3,3,3,3,3,3,3,3,3,3,3,3,3,3,3,3,3,3,4,4,4,4,4,4
2,"{""mean"": 3.076074, ""bench"": ""disk-seq-0ebf93f8938852c"", ""payload"": ""{\""byte_size\"": 4096, \""file_size\"": 1}""}",39,41,41,39,39,41,43,43,41,37,39,39,37,39,43,41,43,39,39,39,37,39,39,41,39,39,37,37,39,39
14,"{""mean"": 7.434727, ""bench"": ""chameleon-98a9142a6c28b3"", ""payload"": ""{\""num_of_cols\"": 100, \""num_of_rows\"": 100}""}",37,39,39,41,39,37,39,39,39,39,37,39,39,39,39,39,39,39,39,39,37,39,39,39,41,39,39,39,41,41
18,"{""mean"": 7.434727, ""bench"": ""chameleon-98a9142a6c28b3"", ""payload"": ""{\""num_of_cols\"": 100, \""num_of_rows\"": 100}""}",35,23,29,31,27,25,43,29,21,21,17,12,12,8,10,12,45,12,8,8,17,19,19,21,21,12,43,25,27,15
28,"{""mean"": 32.541558, ""bench"": ""aes-492138de6d3186e32f9b"", ""payload"": ""{\""message_length\"": 4096, \""num_iterations\"": 2000}""}",27,29,29,29,29,27,31,31,31,29,29,29,29,29,29,27,29,29,29,29,27,29,31,31,31,29,31,29,29,29
1,"{""mean"": 0.005126, ""bench"": ""json-60fd8c7b14a741bb5bc"", ""payload"": ""{\""json_string\"": \""{\\\""a\\\"":1,\\\""b\\\"":[1,2,3]}\""}""}",21,21,21,19,21,21,21,21,19,21,19,21,21,19,21,21,21,21,21,21,21,21,21,21,19,21,21,21,19,21
0,"{""mean"": 0.005126, ""bench"": ""json-60fd8c7b14a741bb5bc"", ""payload"": ""{\""json_string\"": \""{\\\""a\\\"":1,\\\""b\\\"":[1,2,3]}\""}""}",27,25,27,25,25,25,25,25,25,27,27,27,25,25,25,27,25,25,25,25,27,25,25,25,27,27,27,27,25,27
244,"{""mean"": 95.200483, ""bench"": ""gzip-c368b61b01ae45d6cce"", ""payload"": ""{\""file_size\"": 30}""}",2,2,2,1,2,2,2,2,2,2,2,2,2,2,2,1,1,1,1,1,2,1,1,2,1,1,2,1,1,1
30,"{""mean"": 32.541558, ""bench"": ""aes-492138de6d3186e32f9b"", ""payload"": ""{\""message_length\"": 4096, \""num_iterations\"": 2000}""}",23,23,21,23,17,25,25,25,23,23,25,25,23,8,23,23,25,25,23,23,21,23,23,23,23,23,25,23,12,15
126,"{""mean"": 95.200483, ""bench"": ""gzip-c368b61b01ae45d6cce"", ""payload"": ""{\""file_size\"": 30}""}",1,1,1,1,1,2,3,3,1,1,1,1,1,1,1,1,1,1,1,1,1,1,1,1,1,1,3,2,1,1
63,"{""mean"": 55.903998, ""bench"": ""disk-rand-42723d1efb8a94"", ""payload"": ""{\""byte_size\"": 4096, \""file_size\"": 30}""}",19,19,17,17,19,19,19,19,19,19,19,19,17,19,17,19,17,19,19,19,19,17,19,19,17,19,19,19,19,17
5,"{""mean"": 3.076074, ""bench"": ""disk-seq-0ebf93f8938852c"", ""payload"": ""{\""byte_size\"": 4096, \""file_size\"": 1}""}",25,68,70,4,8,6,8,15,111,19,15,10,4,8,29,19,6,25,62,78,17,62,8,6,31,12,27,8,45,117
33,"{""mean"": 32.541558, ""bench"": ""aes-492138de6d3186e32f9b"", ""payload"": ""{\""message_length\"": 4096, \""num_iterations\"": 2000}""}",12,15,10,15,10,17,17,12,15,12,15,17,15,12,12,12,15,15,12,12,12,17,15,17,12,17,15,17,15,10
110,"{""mean"": 95.200483, ""bench"": ""gzip-c368b61b01ae45d6cce"", ""payload"": ""{\""file_size\"": 30}""}",1,1,1,1,1,1,1,1,1,1,1,1,1,1,1,1,1,1,1,1,1,1,1,1,1,1,1,1,1,1
127,"{""mean"": 95.200483, ""bench"": ""gzip-c368b61b01ae45d6cce"", ""payload"": ""{\""file_size\"": 30}""}",0,0,0,0,1,1,1,1,1,1,1,1,1,1,0,0,0,0,0,1,1,1,1,1,1,1,1,1,1,1
32,"{""mean"": 32.541558, ""bench"": ""aes-492138de6d3186e32f9b"", ""payload"": ""{\""message_length\"": 4096, \""num_iterations\"": 2000}""}",12,12,10,10,12,15,15,15,12,10,12,10,10,10,10,10,10,12,17,10,10,10,10,10,10,15,17,12,12,12
239,"{""mean"": 95.200483, ""bench"": ""gzip-c368b61b01ae45d6cce"", ""payload"": ""{\""file_size\"": 30}""}",1,1,1,1,1,1,1,1,1,1,1,1,1,1,1,1,1,1,1,1,1,1,1,1,1,1,1,1,1,1
26,"{""mean"": 32.541558, ""bench"": ""aes-492138de6d3186e32f9b"", ""payload"": ""{\""message_length\"": 4096, \""num_iterations\"": 2000}""}",10,10,10,10,10,10,10,10,10,8,8,8,8,10,8,10,10,10,10,10,10,10,8,8,10,10,10,10,10,10
9,"{""mean"": 7.434727, ""bench"": ""chameleon-98a9142a6c28b3"", ""payload"": ""{\""num_of_cols\"": 100, \""num_of_rows\"": 100}""}",19,19,19,19,19,19,21,19,19,19,17,17,17,15,12,12,12,15,15,12,15,12,12,12,12,12,12,15,12,12
572,"{""mean"": 95.200483, ""bench"": ""gzip-c368b61b01ae45d6cce"", ""payload"": ""{\""file_size\"": 30}""}",1,1,1,1,1,1,1,1,1,0,1,1,1,1,1,1,0,1,1,1,1,1,1,1,1,1,1,1,1,1
12,"{""mean"": 7.434727, ""bench"": ""chameleon-98a9142a6c28b3"", ""payload"": ""{\""num_of_cols\"": 100, \""num_of_rows\"": 100}""}",8,8,8,8,8,8,8,8,8,8,8,8,15,10,8,8,8,8,8,8,8,8,8,8,8,8,8,15,8,8
208,"{""mean"": 95.200483, ""bench"": ""gzip-c368b61b01ae45d6cce"", ""payload"": ""{\""file_size\"": 30}""}",1,1,1,1,1,1,2,1,1,1,1,1,1,1,1,1,1,1,1,1,1,1,1,1,1,1,1,1,1,1
52,"{""mean"": 55.903998, ""bench"": ""disk-rand-42723d1efb8a94"", ""payload"": ""{\""byte_size\"": 4096, \""file_size\"": 30}""}",6,8,8,6,6,6,8,6,8,8,8,8,6,6,8,8,8,8,6,6,6,6,8,6,6,6,6,6,6,6
36,"{""mean"": 32.541558, ""bench"": ""aes-492138de6d3186e32f9b"", ""payload"": ""{\""message_length\"": 4096, \""num_iterations\"": 2000}""}",15,15,15,12,15,15,15,15,15,15,15,15,15,15,15,17,15,14,14,14,14,14,14,14,14,17,14,14,14,14
15,"{""mean"": 7.434727, ""bench"": ""chameleon-98a9142a6c28b3"", ""payload"": ""{\""num_of_cols\"": 100, \""num_of_rows\"": 100}""}",6,6,6,6,6,6,6,6,6,6,6,6,6,6,6,6,6,6,6,6,6,6,6,6,6,6,6,6,6,6
55,"{""mean"": 55.903998, ""bench"": ""disk-rand-42723d1efb8a94"", ""payload"": ""{\""byte_size\"": 4096, \""file_size\"": 30}""}",6,6,6,6,6,6,6,6,6,6,6,4,4,6,4,6,4,6,6,6,6,6,4,6,6,6,6,6,6,6
3,"{""mean"": 3.076074, ""bench"": ""disk-seq-0ebf93f8938852c"", ""payload"": ""{\""byte_size\"": 4096, \""file_size\"": 1}""}",8,6,6,6,6,8,6,6,6,6,6,6,6,6,8,8,6,8,6,8,8,6,8,8,8,8,6,8,8,8
857,"{""mean"": 95.200483, ""bench"": ""gzip-c368b61b01ae45d6cce"", ""payload"": ""{\""file_size\"": 30}""}",1,1,1,1,1,1,1,1,1,1,1,1,1,1,1,1,1,1,1,1,1,1,1,1,1,1,1,1,1,1
4269,"{""mean"": 95.200483, ""bench"": ""gzip-c368b61b01ae45d6cce"", ""payload"": ""{\""file_size\"": 30}""}",1,1,1,1,1,1,1,1,1,1,1,1,1,1,1,1,1,1,1,1,1,1,1,1,1,1,1,1,1,1
34,"{""mean"": 32.541558, ""bench"": ""aes-492138de6d3186e32f9b"", ""payload"": ""{\""message_length\"": 4096, \""num_iterations\"": 2000}""}",6,8,8,8,8,8,8,8,8,8,8,8,8,8,8,8,8,8,8,6,8,8,8,8,8,8,8,8,8,8
24,"{""mean"": 32.541558, ""bench"": ""aes-492138de6d3186e32f9b"", ""payload"": ""{\""message_length\"": 4096, \""num_iterations\"": 2000}""}",6,6,8,6,8,6,8,8,10,8,6,6,8,8,8,8,8,8,8,8,8,8,6,8,6,8,6,8,8,8
440,"{""mean"": 95.200483, ""bench"": ""gzip-c368b61b01ae45d6cce"", ""payload"": ""{\""file_size\"": 30}""}",1,1,1,1,1,1,1,1,1,1,1,1,1,1,1,1,1,1,1,1,1,1,1,1,1,1,1,1,1,1
37,"{""mean"": 32.541558, ""bench"": ""aes-492138de6d3186e32f9b"", ""payload"": ""{\""message_length\"": 4096, \""num_iterations\"": 2000}""}",4,4,2,2,6,12,6,6,6,6,8,14,17,10,2,4,4,4,4,6,8,6,6,8,6,6,6,6,6,4
13,"{""mean"": 7.434727, ""bench"": ""chameleon-98a9142a6c28b3"", ""payload"": ""{\""num_of_cols\"": 100, \""num_of_rows\"": 100}""}",2,2,2,2,2,2,10,12,2,2,2,2,2,2,2,2,2,2,2,2,2,2,2,2,2,2,2,2,2,2
45,"{""mean"": 55.903998, ""bench"": ""disk-rand-42723d1efb8a94"", ""payload"": ""{\""byte_size\"": 4096, \""file_size\"": 30}""}",4,4,4,4,4,4,4,4,4,4,4,4,4,4,4,4,4,4,4,4,4,4,4,4,4,4,4,4,4,4
38,"{""mean"": 32.541558, ""bench"": ""aes-492138de6d3186e32f9b"", ""payload"": ""{\""message_length\"": 4096, \""num_iterations\"": 2000}""}",6,6,8,6,6,6,4,8,6,6,6,4,8,6,6,6,6,8,6,6,6,6,8,6,6,6,6,8,6,6
418,"{""mean"": 95.200483, ""bench"": ""gzip-c368b61b01ae45d6cce"", ""payload"": ""{\""file_size\"": 30}""}",1,1,1,1,1,1,1,1,1,1,1,1,1,1,1,1,1,1,1,1,1,1,1,1,1,1,1,1,1,1
87,"{""mean"": 95.200483, ""bench"": ""gzip-c368b61b01ae45d6cce"", ""payload"": ""{\""file_size\"": 30}""}",0,0,0,0,0,0,0,0,0,0,0,0,0,0,0,0,0,0,0,0,0,0,0,0,0,0,0,0,0,0
107,"{""mean"": 95.200483, ""bench"": ""gzip-c368b61b01ae45d6cce"", ""payload"": ""{\""file_size\"": 30}""}",1,1,1,1,1,1,1,1,1,1,1,1,1,1,1,1,1,1,1,1,1,1,1,1,1,1,1,1,1,1
75,"{""mean"": 55.903998, ""bench"": ""disk-rand-42723d1efb8a94"", ""payload"": ""{\""byte_size\"": 4096, \""file_size\"": 30}""}",4,4,4,4,4,4,4,4,4,4,4,4,4,4,4,4,4,4,4,4,4,4,4,4,4,4,4,4,4,4
7230,"{""mean"": 95.200483, ""bench"": ""gzip-c368b61b01ae45d6cce"", ""payload"": ""{\""file_size\"": 30}""}",0,0,1,0,1,0,0,0,0,0,0,0,0,0,0,0,0,0,0,0,0,0,0,0,0,0,0,1,0,0
49,"{""mean"": 55.903998, ""bench"": ""disk-rand-42723d1efb8a94"", ""payload"": ""{\""byte_size\"": 4096, \""file_size\"": 30}""}",2,4,2,2,2,2,2,2,2,2,2,2,2,2,2,2,2,2,2,2,2,2,2,2,2,2,2,0,2,2
57,"{""mean"": 55.903998, ""bench"": ""disk-rand-42723d1efb8a94"", ""payload"": ""{\""byte_size\"": 4096, \""file_size\"": 30}""}",4,4,6,4,4,4,4,6,4,4,4,4,6,4,4,4,4,6,4,4,4,6,6,4,4,4,6,4,4,4
210,"{""mean"": 95.200483, ""bench"": ""gzip-c368b61b01ae45d6cce"", ""payload"": ""{\""file_size\"": 30}""}",0,0,0,0,0,1,1,1,1,1,1,0,0,0,0,0,0,0,0,0,1,1,1,1,1,1,0,0,0,0
749,"{""mean"": 95.200483, ""bench"": ""gzip-c368b61b01ae45d6cce"", ""payload"": ""{\""file_size\"": 30}""}",0,1,1,1,0,0,0,1,1,1,1,1,1,1,1,1,1,0,0,0,0,0,0,0,0,1,1,1,0,0
1157,"{""mean"": 95.200483, ""bench"": ""gzip-c368b61b01ae45d6cce"", ""payload"": ""{\""file_size\"": 30}""}",1,1,1,1,1,1,1,1,1,1,1,1,1,1,1,1,1,1,1,1,1,1,1,1,1,1,1,1,1,1
11,"{""mean"": 7.434727, ""bench"": ""chameleon-98a9142a6c28b3"", ""payload"": ""{\""num_of_cols\"": 100, \""num_of_rows\"": 100}""}",4,2,2,2,2,4,2,2,2,2,4,2,2,2,2,4,4,4,4,4,4,4,2,2,2,4,4,2,2,2
212,"{""mean"": 95.200483, ""bench"": ""gzip-c368b61b01ae45d6cce"", ""payload"": ""{\""file_size\"": 30}""}",1,1,1,1,1,1,1,1,1,1,1,1,1,1,1,1,1,1,1,1,1,1,1,1,1,1,1,1,1,1
64,"{""mean"": 55.903998, ""bench"": ""disk-rand-42723d1efb8a94"", ""payload"": ""{\""byte_size\"": 4096, \""file_size\"": 30}""}",4,4,4,6,6,6,6,4,4,4,4,4,4,4,4,4,4,4,4,4,4,4,2,4,4,4,4,4,4,4
54,"{""mean"": 55.903998, ""bench"": ""disk-rand-42723d1efb8a94"", ""payload"": ""{\""byte_size\"": 4096, \""file_size\"": 30}""}",6,4,6,6,2,6,6,6,6,6,4,6,2,6,4,6,6,6,4,6,6,6,4,2,6,4,6,6,6,6
238,"{""mean"": 95.200483, ""bench"": ""gzip-c368b61b01ae45d6cce"", ""payload"": ""{\""file_size\"": 30}""}",1,1,1,0,1,1,1,1,0,1,1,1,1,0,1,1,1,1,0,1,1,1,1,0,1,1,1,1,0,1
207,"{""mean"": 95.200483, ""bench"": ""gzip-c368b61b01ae45d6cce"", ""payload"": ""{\""file_size\"": 30}""}",0,0,0,0,0,0,0,0,0,0,0,0,0,0,0,0,0,0,0,0,0,0,0,0,0,0,0,0,0,0
94,"{""mean"": 95.200483, ""bench"": ""gzip-c368b61b01ae45d6cce"", ""payload"": ""{\""file_size\"": 30}""}",1,1,1,1,1,1,0,1,1,1,0,0,1,1,1,1,1,1,1,0,1,1,1,1,1,1,1,1,1,1
8,"{""mean"": 7.434727, ""bench"": ""chameleon-98a9142a6c28b3"", ""payload"": ""{\""num_of_cols\"": 100, \""num_of_rows\"": 100}""}",4,4,4,4,4,8,4,4,4,4,4,4,4,4,4,6,4,4,4,4,4,4,4,4,4,8,4,4,4,4
50,"{""mean"": 55.903998, ""bench"": ""disk-rand-42723d1efb8a94"", ""payload"": ""{\""byte_size\"": 4096, \""file_size\"": 30}""}",4,4,4,4,4,4,4,4,4,4,4,4,4,4,4,4,4,4,4,4,4,4,4,4,4,4,4,4,4,4
993,"{""mean"": 95.200483, ""bench"": ""gzip-c368b61b01ae45d6cce"", ""payload"": ""{\""file_size\"": 30}""}",1,1,1,1,1,1,1,1,1,1,0,0,0,0,0,0,1,1,1,1,1,1,1,1,1,1,1,1,1,1
869,"{""mean"": 95.200483, ""bench"": ""gzip-c368b61b01ae45d6cce"", ""payload"": ""{\""file_size\"": 30}""}",1,1,1,1,1,1,1,1,1,1,1,1,1,1,1,1,1,1,1,1,1,1,1,1,1,1,1,1,1,1
42,"{""mean"": 32.541558, ""bench"": ""aes-492138de6d3186e32f9b"", ""payload"": ""{\""message_length\"": 4096, \""num_iterations\"": 2000}""}",6,6,4,4,4,4,4,4,4,4,4,4,4,4,4,4,4,4,4,4,4,4,4,4,4,4,4,4,4,4
81,"{""mean"": 95.200483, ""bench"": ""gzip-c368b61b01ae45d6cce"", ""payload"": ""{\""file_size\"": 30}""}",1,1,1,1,1,1,1,1,1,1,1,1,0,1,1,1,1,1,1,1,1,1,0,1,1,1,1,1,1,1
2282,"{""mean"": 95.200483, ""bench"": ""gzip-c368b61b01ae45d6cce"", ""payload"": ""{\""file_size\"": 30}""}",0,1,0,1,1,1,1,0,1,1,1,1,1,1,1,1,1,1,1,1,1,0,1,1,1,1,1,0,1,1
16,"{""mean"": 7.434727, ""bench"": ""chameleon-98a9142a6c28b3"", ""payload"": ""{\""num_of_cols\"": 100, \""num_of_rows\"": 100}""}",4,4,2,2,2,2,4,4,2,2,2,4,2,2,2,4,2,4,4,4,4,4,4,4,4,4,4,4,4,4
71,"{""mean"": 55.903998, ""bench"": ""disk-rand-42723d1efb8a94"", ""payload"": ""{\""byte_size\"": 4096, \""file_size\"": 30}""}",2,2,2,2,2,2,0,2,0,2,2,2,0,2,2,0,2,0,2,0,2,2,2,2,2,0,2,2,0,0
3800,"{""mean"": 95.200483, ""bench"": ""gzip-c368b61b01ae45d6cce"", ""payload"": ""{\""file_size\"": 30}""}",1,1,0,0,0,0,0,1,0,0,0,0,0,0,0,0,1,0,0,0,0,0,0,0,0,0,1,1,1,0
48,"{""mean"": 55.903998, ""bench"": ""disk-rand-42723d1efb8a94"", ""payload"": ""{\""byte_size\"": 4096, \""file_size\"": 30}""}",4,4,4,4,4,4,4,4,4,4,4,4,4,4,4,4,4,4,4,4,4,4,4,4,4,4,4,2,4,4
259,"{""mean"": 95.200483, ""bench"": ""gzip-c368b61b01ae45d6cce"", ""payload"": ""{\""file_size\"": 30}""}",1,1,1,1,1,1,1,1,1,1,1,1,1,1,1,1,1,1,1,1,1,1,1,1,1,1,1,1,1,1
53,"{""mean"": 55.903998, ""bench"": ""disk-rand-42723d1efb8a94"", ""payload"": ""{\""byte_size\"": 4096, \""file_size\"": 30}""}",2,2,2,2,2,2,2,2,2,2,2,2,2,2,2,2,2,2,2,2,2,2,2,2,2,2,2,2,2,4
214,"{""mean"": 95.200483, ""bench"": ""gzip-c368b61b01ae45d6cce"", ""payload"": ""{\""file_size\"": 30}""}",0,0,0,1,0,1,1,0,1,0,0,0,0,0,0,1,0,0,1,1,0,0,0,1,0,0,0,0,1,1
1520,"{""mean"": 95.200483, ""bench"": ""gzip-c368b61b01ae45d6cce"", ""payload"": ""{\""file_size\"": 30}""}",0,1,0,1,0,1,0,1,0,1,0,0,1,1,0,1,0,0,0,1,1,1,0,1,0,1,0,1,0,1
35,"{""mean"": 32.541558, ""bench"": ""aes-492138de6d3186e32f9b"", ""payload"": ""{\""message_length\"": 4096, \""num_iterations\"": 2000}""}",2,2,2,2,2,2,2,2,2,2,2,2,2,2,2,2,2,2,2,2,2,2,2,2,2,2,2,2,2,2
7,"{""mean"": 7.380829, ""bench"": ""float-0b54debcc97c440bcb"", ""payload"": ""{\""n\"": 100000}""}",2,2,2,2,2,2,2,2,2,2,2,2,2,2,2,2,2,2,2,2,2,2,2,2,2,2,2,2,2,2
40,"{""mean"": 32.541558, ""bench"": ""aes-492138de6d3186e32f9b"", ""payload"": ""{\""message_length\"": 4096, \""num_iterations\"": 2000}""}",2,2,2,2,2,2,2,2,2,2,2,2,2,2,2,2,2,2,2,2,2,2,2,2,2,2,2,2,2,2
171,"{""mean"": 95.200483, ""bench"": ""gzip-c368b61b01ae45d6cce"", ""payload"": ""{\""file_size\"": 30}""}",1,0,0,1,0,0,0,0,1,0,0,0,0,0,0,0,0,0,0,0,0,0,0,0,0,0,0,0,0,0
17,"{""mean"": 7.434727, ""bench"": ""chameleon-98a9142a6c28b3"", ""payload"": ""{\""num_of_cols\"": 100, \""num_of_rows\"": 100}""}",2,2,2,2,2,2,2,2,2,2,2,2,2,2,2,2,2,2,2,2,2,2,2,2,2,2,2,2,2,2
154,"{""mean"": 95.200483, ""bench"": ""gzip-c368b61b01ae45d6cce"", ""payload"": ""{\""file_size\"": 30}""}",1,0,0,0,0,1,0,0,0,0,1,0,0,0,0,1,0,0,0,0,1,0,0,0,0,1,0,0,0,0
56,"{""mean"": 55.903998, ""bench"": ""disk-rand-42723d1efb8a94"", ""payload"": ""{\""byte_size\"": 4096, \""file_size\"": 30}""}",2,2,4,2,2,2,2,2,2,2,2,2,2,2,2,2,2,2,2,2,2,2,2,2,2,2,2,2,2,2
352,"{""mean"": 95.200483, ""bench"": ""gzip-c368b61b01ae45d6cce"", ""payload"": ""{\""file_size\"": 30}""}",0,1,0,1,0,0,0,0,0,1,0,0,0,0,0,0,0,1,0,1,0,0,0,0,0,1,0,0,0,0
69,"{""mean"": 55.903998, ""bench"": ""disk-rand-42723d1efb8a94"", ""payload"": ""{\""byte_size\"": 4096, \""file_size\"": 30}""}",2,2,2,2,2,2,2,2,2,2,2,2,2,2,2,2,2,2,2,2,2,2,2,2,2,2,2,2,2,2
21,"{""mean"": 32.541558, ""bench"": ""aes-492138de6d3186e32f9b"", ""payload"": ""{\""message_length\"": 4096, \""num_iterations\"": 2000}""}",2,2,2,2,2,4,2,2,2,2,2,2,2,2,2,2,2,2,2,2,2,2,2,2,2,4,2,2,2,2
342,"{""mean"": 95.200483, ""bench"": ""gzip-c368b61b01ae45d6cce"", ""payload"": ""{\""file_size\"": 30}""}",0,0,0,0,0,0,0,0,0,0,0,0,0,0,0,0,0,0,0,0,0,0,0,0,0,0,0,0,0,0
134,"{""mean"": 95.200483, ""bench"": ""gzip-c368b61b01ae45d6cce"", ""payload"": ""{\""file_size\"": 30}""}",0,0,0,0,0,2,0,0,0,0,0,0,0,0,0,2,0,0,0,0,0,0,0,0,0,2,0,0,0,0
68,"{""mean"": 55.903998, ""bench"": ""disk-rand-42723d1efb8a94"", ""payload"": ""{\""byte_size\"": 4096, \""file_size\"": 30}""}",2,2,2,4,4,4,2,2,2,2,0,2,2,2,2,2,2,2,2,2,2,2,2,2,2,2,2,2,2,2
135208,"{""mean"": 95.200483, ""bench"": ""gzip-c368b61b01ae45d6cce"", ""payload"": ""{\""file_size\"": 30}""}",0,0,0,0,0,0,0,0,0,0,0,0,0,0,0,0,0,0,0,0,0,0,0,0,0,0,0,0,0,0
92,"{""mean"": 95.200483, ""bench"": ""gzip-c368b61b01ae45d6cce"", ""payload"": ""{\""file_size\"": 30}""}",0,0,0,0,0,0,0,0,0,0,0,0,0,0,0,0,0,0,0,0,0,0,0,0,0,0,0,0,0,0
147,"{""mean"": 95.200483, ""bench"": ""gzip-c368b61b01ae45d6cce"", ""payload"": ""{\""file_size\"": 30}""}",0,0,0,0,0,1,0,0,0,0,0,0,0,0,0,0,0,0,0,0,0,0,0,0,0,0,0,0,0,0
254,"{""mean"": 95.200483, ""bench"": ""gzip-c368b61b01ae45d6cce"", ""payload"": ""{\""file_size\"": 30}""}",1,1,1,0,0,0,0,0,0,0,0,0,0,0,0,0,1,1,0,0,0,1,1,0,1,1,0,0,0,0
531,"{""mean"": 95.200483, ""bench"": ""gzip-c368b61b01ae45d6cce"", ""payload"": ""{\""file_size\"": 30}""}",0,0,0,0,0,0,0,0,0,0,0,0,0,0,0,0,0,0,0,0,0,0,0,0,0,0,0,0,0,0
25,"{""mean"": 32.541558, ""bench"": ""aes-492138de6d3186e32f9b"", ""payload"": ""{\""message_length\"": 4096, \""num_iterations\"": 2000}""}",2,2,2,2,2,2,2,2,2,2,2,2,2,2,2,2,2,2,2,2,2,2,2,2,2,2,2,2,2,2
47,"{""mean"": 55.903998, ""bench"": ""disk-rand-42723d1efb8a94"", ""payload"": ""{\""byte_size\"": 4096, \""file_size\"": 30}""}",0,0,2,0,0,2,0,2,0,0,0,2,2,0,0,2,0,2,0,0,0,2,2,2,0,2,0,2,0,0
151,"{""mean"": 95.200483, ""bench"": ""gzip-c368b61b01ae45d6cce"", ""payload"": ""{\""file_size\"": 30}""}",0,0,0,0,0,0,0,0,0,0,0,0,0,0,0,0,0,0,0,0,0,0,0,0,0,0,0,0,0,0
269,"{""mean"": 95.200483, ""bench"": ""gzip-c368b61b01ae45d6cce"", ""payload"": ""{\""file_size\"": 30}""}",0,0,0,0,0,5,0,0,0,0,0,0,0,0,0,0,0,0,0,0,0,0,0,0,0,0,0,0,0,0
245,"{""mean"": 95.200483, ""bench"": ""gzip-c368b61b01ae45d6cce"", ""payload"": ""{\""file_size\"": 30}""}",0,0,0,0,0,0,0,0,0,0,0,0,0,0,0,0,0,0,0,0,0,0,0,0,0,0,0,0,0,0
10,"{""mean"": 7.434727, ""bench"": ""chameleon-98a9142a6c28b3"", ""payload"": ""{\""num_of_cols\"": 100, \""num_of_rows\"": 100}""}",2,2,2,2,2,2,2,2,2,2,2,2,2,2,2,2,2,2,2,2,2,2,2,2,2,2,2,2,2,2
541,"{""mean"": 95.200483, ""bench"": ""gzip-c368b61b01ae45d6cce"", ""payload"": ""{\""file_size\"": 30}""}",0,0,0,0,0,0,0,0,0,0,0,0,0,0,0,0,0,0,0,0,0,0,0,0,0,0,0,0,0,0
76,"{""mean"": 95.200483, ""bench"": ""gzip-c368b61b01ae45d6cce"", ""payload"": ""{\""file_size\"": 30}""}",0,0,0,0,0,0,0,0,0,0,0,0,0,0,0,0,0,0,0,0,0,0,0,0,0,0,0,0,0,0
82,"{""mean"": 95.200483, ""bench"": ""gzip-c368b61b01ae45d6cce"", ""payload"": ""{\""file_size\"": 30}""}",0,0,0,0,1,0,0,0,0,0,0,0,1,0,0,0,0,0,0,0,1,0,0,0,0,0,0,1,1,0
270,"{""mean"": 95.200483, ""bench"": ""gzip-c368b61b01ae45d6cce"", ""payload"": ""{\""file_size\"": 30}""}",0,0,0,0,0,0,0,0,0,0,0,0,0,0,0,0,0,0,0,0,0,0,0,0,0,0,0,0,0,0
545,"{""mean"": 95.200483, ""bench"": ""gzip-c368b61b01ae45d6cce"", ""payload"": ""{\""file_size\"": 30}""}",0,0,0,1,0,0,1,0,0,0,0,0,0,0,0,0,0,0,1,0,0,0,0,0,0,0,0,1,0,0
104,"{""mean"": 95.200483, ""bench"": ""gzip-c368b61b01ae45d6cce"", ""payload"": ""{\""file_size\"": 30}""}",0,0,0,0,0,0,0,0,0,0,0,0,0,0,0,0,0,0,0,0,0,0,0,0,0,0,0,0,0,0
138,"{""mean"": 95.200483, ""bench"": ""gzip-c368b61b01ae45d6cce"", ""payload"": ""{\""file_size\"": 30}""}",0,0,0,0,0,0,0,0,0,0,0,0,0,0,0,0,0,0,0,0,0,0,0,0,0,1,0,0,0,0
2621,"{""mean"": 95.200483, ""bench"": ""gzip-c368b61b01ae45d6cce"", ""payload"": ""{\""file_size\"": 30}""}",0,0,0,0,0,0,0,0,0,0,0,0,0,0,0,0,0,0,0,0,0,0,0,0,0,0,0,0,0,0
105,"{""mean"": 95.200483, ""bench"": ""gzip-c368b61b01ae45d6cce"", ""payload"": ""{\""file_size\"": 30}""}",0,0,0,0,0,0,0,0,0,0,0,0,0,0,0,0,0,0,0,0,0,0,0,0,0,0,0,0,0,0
22,"{""mean"": 32.541558, ""bench"": ""aes-492138de6d3186e32f9b"", ""payload"": ""{\""message_length\"": 4096, \""num_iterations\"": 2000}""}",2,2,2,2,2,2,2,2,2,2,2,2,2,2,2,2,2,2,2,2,2,2,2,2,2,2,2,2,2,2
20,"{""mean"": 32.541558, ""bench"": ""aes-492138de6d3186e32f9b"", ""payload"": ""{\""message_length\"": 4096, \""num_iterations\"": 2000}""}",2,2,2,2,2,2,2,2,2,2,2,2,2,2,2,2,2,2,2,2,2,2,2,2,2,2,2,2,2,2
112,"{""mean"": 95.200483, ""bench"": ""gzip-c368b61b01ae45d6cce"", ""payload"": ""{\""file_size\"": 30}""}",0,0,0,0,0,0,0,0,0,0,0,0,0,0,0,0,0,0,0,0,0,0,0,0,0,0,0,0,0,0
337,"{""mean"": 95.200483, ""bench"": ""gzip-c368b61b01ae45d6cce"", ""payload"": ""{\""file_size\"": 30}""}",0,0,0,0,0,0,0,0,0,0,0,0,0,0,0,0,0,0,0,0,0,0,0,0,0,0,0,0,0,0
220,"{""mean"": 95.200483, ""bench"": ""gzip-c368b61b01ae45d6cce"", ""payload"": ""{\""file_size\"": 30}""}",0,0,0,0,0,0,0,0,0,0,0,0,0,0,0,0,0,0,0,0,0,0,0,0,0,0,0,0,0,0
60,"{""mean"": 55.903998, ""bench"": ""disk-rand-42723d1efb8a94"", ""payload"": ""{\""byte_size\"": 4096, \""file_size\"": 30}""}",0,0,2,2,0,2,0,2,2,0,0,0,2,2,0,2,2,2,0,2,0,0,2,2,0,2,2,2,0,2
206,"{""mean"": 95.200483, ""bench"": ""gzip-c368b61b01ae45d6cce"", ""payload"": ""{\""file_size\"": 30}""}",0,0,0,0,0,0,0,0,0,0,0,0,0,0,0,0,0,0,0,0,0,0,0,0,0,0,0,0,0,0
145,"{""mean"": 95.200483, ""bench"": ""gzip-c368b61b01ae45d6cce"", ""payload"": ""{\""file_size\"": 30}""}",0,0,0,0,0,0,0,0,0,0,0,0,0,0,0,0,0,0,0,0,0,0,0,0,0,0,0,0,0,0
23,"{""mean"": 32.541558, ""bench"": ""aes-492138de6d3186e32f9b"", ""payload"": ""{\""message_length\"": 4096, \""num_iterations\"": 2000}""}",2,2,2,2,2,2,2,2,2,2,2,2,2,2,2,2,2,2,2,2,2,2,2,2,2,2,2,2,2,2
111,"{""mean"": 95.200483, ""bench"": ""gzip-c368b61b01ae45d6cce"", ""payload"": ""{\""file_size\"": 30}""}",0,0,0,0,0,0,0,0,0,0,0,0,0,0,0,0,0,0,0,0,0,0,0,0,0,0,0,0,0,0
174,"{""mean"": 95.200483, ""bench"": ""gzip-c368b61b01ae45d6cce"", ""payload"": ""{\""file_size\"": 30}""}",0,0,0,0,0,0,0,0,0,0,0,0,0,0,0,0,0,0,0,0,0,0,0,0,0,0,0,0,0,0
399,"{""mean"": 95.200483, ""bench"": ""gzip-c368b61b01ae45d6cce"", ""payload"": ""{\""file_size\"": 30}""}",0,0,0,0,0,0,0,0,0,0,0,0,0,0,0,0,0,0,0,0,0,0,0,0,0,0,0,0,0,0
1970,"{""mean"": 95.200483, ""bench"": ""gzip-c368b61b01ae45d6cce"", ""payload"": ""{\""file_size\"": 30}""}",0,0,0,0,0,0,0,0,0,0,0,0,0,0,0,0,0,0,0,0,0,0,0,0,0,0,0,0,0,0
131,"{""mean"": 95.200483, ""bench"": ""gzip-c368b61b01ae45d6cce"", ""payload"": ""{\""file_size\"": 30}""}",0,0,0,0,0,0,0,0,0,0,0,0,0,0,0,0,0,0,0,0,0,0,0,0,0,0,0,0,0,0
122,"{""mean"": 95.200483, ""bench"": ""gzip-c368b61b01ae45d6cce"", ""payload"": ""{\""file_size\"": 30}""}",0,0,0,0,0,0,0,0,0,0,0,0,0,0,0,0,0,0,0,0,0,0,0,0,0,0,0,0,0,0
124,"{""mean"": 95.200483, ""bench"": ""gzip-c368b61b01ae45d6cce"", ""payload"": ""{\""file_size\"": 30}""}",0,0,0,0,0,0,0,0,0,0,0,0,0,0,0,0,0,0,0,0,0,0,0,0,0,0,0,0,0,0
86,"{""mean"": 95.200483, ""bench"": ""gzip-c368b61b01ae45d6cce"", ""payload"": ""{\""file_size\"": 30}""}",0,0,0,0,0,0,0,0,0,0,0,0,0,0,0,0,0,0,0,0,0,0,0,0,0,0,0,0,0,0
1013,"{""mean"": 95.200483, ""bench"": ""gzip-c368b61b01ae45d6cce"", ""payload"": ""{\""file_size\"": 30}""}",0,0,0,0,0,0,1,0,0,0,0,0,0,0,0,0,0,0,0,0,1,1,0,0,0,0,0,0,0,0
176,"{""mean"": 95.200483, ""bench"": ""gzip-c368b61b01ae45d6cce"", ""payload"": ""{\""file_size\"": 30}""}",0,0,0,0,0,0,0,0,0,0,0,0,0,0,0,0,0,0,0,0,0,0,0,0,0,0,0,0,0,0
125,"{""mean"": 95.200483, ""bench"": ""gzip-c368b61b01ae45d6cce"", ""payload"": ""{\""file_size\"": 30}""}",1,0,0,0,0,1,0,0,0,0,1,0,0,0,0,1,0,0,0,0,1,0,0,0,0,1,0,0,0,0
461,"{""mean"": 95.200483, ""bench"": ""gzip-c368b61b01ae45d6cce"", ""payload"": ""{\""file_size\"": 30}""}",0,0,0,0,0,0,1,0,0,0,0,0,0,0,0,0,0,0,0,0,0,1,0,0,0,0,0,0,0,0
2633,"{""mean"": 95.200483, ""bench"": ""gzip-c368b61b01ae45d6cce"", ""payload"": ""{\""file_size\"": 30}""}",0,0,0,0,0,0,0,0,0,0,0,0,0,0,0,0,0,0,0,0,0,0,0,0,0,0,0,0,0,0
306,"{""mean"": 95.200483, ""bench"": ""gzip-c368b61b01ae45d6cce"", ""payload"": ""{\""file_size\"": 30}""}",0,0,0,0,0,0,0,0,0,0,0,0,0,0,0,0,0,0,0,0,0,0,0,0,0,0,0,0,0,0
80864,"{""mean"": 95.200483, ""bench"": ""gzip-c368b61b01ae45d6cce"", ""payload"": ""{\""file_size\"": 30}""}",0,0,0,0,0,0,0,0,0,0,0,0,0,0,0,0,0,0,0,0,0,0,0,0,0,0,0,0,0,0
72,"{""mean"": 55.903998, ""bench"": ""disk-rand-42723d1efb8a94"", ""payload"": ""{\""byte_size\"": 4096, \""file_size\"": 30}""}",2,2,0,0,0,2,0,0,0,0,2,2,2,2,0,2,2,2,0,0,2,2,2,0,0,2,0,0,0,0
3228,"{""mean"": 95.200483, ""bench"": ""gzip-c368b61b01ae45d6cce"", ""payload"": ""{\""file_size\"": 30}""}",0,0,0,0,0,0,0,0,0,0,0,0,0,0,0,0,0,0,0,0,0,0,0,0,0,0,0,0,0,0
2314,"{""mean"": 95.200483, ""bench"": ""gzip-c368b61b01ae45d6cce"", ""payload"": ""{\""file_size\"": 30}""}",0,0,0,0,0,0,0,0,0,0,0,0,0,0,0,0,0,0,0,0,0,0,0,0,0,0,0,0,0,0
74,"{""mean"": 55.903998, ""bench"": ""disk-rand-42723d1efb8a94"", ""payload"": ""{\""byte_size\"": 4096, \""file_size\"": 30}""}",2,2,0,0,0,2,0,0,2,0,2,2,2,2,2,2,2,2,2,0,2,2,2,0,0,2,0,0,0,0
492,"{""mean"": 95.200483, ""bench"": ""gzip-c368b61b01ae45d6cce"", ""payload"": ""{\""file_size\"": 30}""}",0,0,0,0,0,0,0,0,0,0,0,0,0,0,0,0,0,0,0,0,0,0,0,0,0,0,0,0,0,0
219,"{""mean"": 95.200483, ""bench"": ""gzip-c368b61b01ae45d6cce"", ""payload"": ""{\""file_size\"": 30}""}",0,0,0,0,0,0,0,0,0,0,0,0,0,0,0,0,0,0,0,0,0,0,0,0,0,0,0,0,0,0
1750,"{""mean"": 95.200483, ""bench"": ""gzip-c368b61b01ae45d6cce"", ""payload"": ""{\""file_size\"": 30}""}",0,1,0,0,0,0,0,0,0,0,0,0,0,0,0,0,1,0,0,0,0,0,0,0,0,0,0,0,0,0
46,"{""mean"": 55.903998, ""bench"": ""disk-rand-42723d1efb8a94"", ""payload"": ""{\""byte_size\"": 4096, \""file_size\"": 30}""}",0,0,0,0,0,0,0,0,0,0,0,2,2,0,2,0,0,0,2,0,0,0,0,2,0,0,0,0,0,2
117,"{""mean"": 95.200483, ""bench"": ""gzip-c368b61b01ae45d6cce"", ""payload"": ""{\""file_size\"": 30}""}",0,0,0,0,0,0,0,0,0,0,0,0,0,0,0,0,0,0,0,0,0,0,0,0,0,0,0,0,0,0
89,"{""mean"": 95.200483, ""bench"": ""gzip-c368b61b01ae45d6cce"", ""payload"": ""{\""file_size\"": 30}""}",0,0,0,0,0,0,0,0,0,0,0,1,1,1,1,0,1,0,0,1,0,0,0,0,0,1,0,0,0,0
51,"{""mean"": 55.903998, ""bench"": ""disk-rand-42723d1efb8a94"", ""payload"": ""{\""byte_size\"": 4096, \""file_size\"": 30}""}",2,2,2,2,2,2,2,2,2,2,2,2,2,2,2,2,2,2,2,2,2,2,2,2,2,2,2,2,2,2
90,"{""mean"": 95.200483, ""bench"": ""gzip-c368b61b01ae45d6cce"", ""payload"": ""{\""file_size\"": 30}""}",0,0,0,0,0,0,0,0,0,0,0,0,0,0,0,0,0,0,0,0,0,0,0,0,0,0,0,0,0,0
101,"{""mean"": 95.200483, ""bench"": ""gzip-c368b61b01ae45d6cce"", ""payload"": ""{\""file_size\"": 30}""}",0,0,0,0,0,0,0,0,0,0,0,0,0,0,0,0,0,0,0,0,0,0,0,0,0,0,0,0,0,0
78,"{""mean"": 95.200483, ""bench"": ""gzip-c368b61b01ae45d6cce"", ""payload"": ""{\""file_size\"": 30}""}",0,0,0,0,0,0,0,0,0,0,0,0,0,0,0,0,0,0,0,0,0,0,0,0,0,0,0,0,0,0
39,"{""mean"": 32.541558, ""bench"": ""aes-492138de6d3186e32f9b"", ""payload"": ""{\""message_length\"": 4096, \""num_iterations\"": 2000}""}",0,0,0,0,2,0,0,0,0,2,2,0,2,0,0,0,0,0,0,2,0,2,2,2,2,2,2,0,2,0
321,"{""mean"": 95.200483, ""bench"": ""gzip-c368b61b01ae45d6cce"", ""payload"": ""{\""file_size\"": 30}""}",0,0,0,0,0,0,0,0,0,0,0,0,0,0,0,0,0,0,0,0,0,0,0,0,0,0,0,0,0,0
100,"{""mean"": 95.200483, ""bench"": ""gzip-c368b61b01ae45d6cce"", ""payload"": ""{\""file_size\"": 30}""}",0,0,0,0,0,0,0,0,0,0,0,0,0,0,0,0,0,0,0,0,0,0,0,0,0,0,0,0,0,0
527,"{""mean"": 95.200483, ""bench"": ""gzip-c368b61b01ae45d6cce"", ""payload"": ""{\""file_size\"": 30}""}",0,0,0,0,0,0,0,0,0,0,0,0,0,0,0,0,0,0,0,0,0,0,0,0,0,0,0,0,0,0
260,"{""mean"": 95.200483, ""bench"": ""gzip-c368b61b01ae45d6cce"", ""payload"": ""{\""file_size\"": 30}""}",0,0,0,0,0,0,0,0,0,0,0,0,0,0,0,0,0,0,0,0,0,0,0,0,0,0,0,0,0,0
41,"{""mean"": 32.541558, ""bench"": ""aes-492138de6d3186e32f9b"", ""payload"": ""{\""message_length\"": 4096, \""num_iterations\"": 2000}""}",0,0,0,0,0,0,0,0,0,0,0,0,0,0,0,2,0,0,0,0,0,0,0,0,0,0,0,0,0,0
1674,"{""mean"": 95.200483, ""bench"": ""gzip-c368b61b01ae45d6cce"", ""payload"": ""{\""file_size\"": 30}""}",0,0,0,0,0,0,0,0,0,0,0,0,0,0,0,0,0,0,0,0,0,0,0,0,0,0,0,0,0,0
190,"{""mean"": 95.200483, ""bench"": ""gzip-c368b61b01ae45d6cce"", ""payload"": ""{\""file_size\"": 30}""}",0,0,0,0,0,0,0,0,0,0,0,0,0,0,0,0,0,0,0,0,0,0,0,0,0,0,0,0,0,0
475,"{""mean"": 95.200483, ""bench"": ""gzip-c368b61b01ae45d6cce"", ""payload"": ""{\""file_size\"": 30}""}",0,0,0,0,0,0,0,0,0,0,0,0,0,0,0,0,0,0,0,0,0,0,0,0,0,0,0,0,0,0
1030,"{""mean"": 95.200483, ""bench"": ""gzip-c368b61b01ae45d6cce"", ""payload"": ""{\""file_size\"": 30}""}",0,0,0,0,0,0,0,0,0,0,0,0,0,0,0,0,0,0,0,0,0,0,0,0,0,0,0,0,0,0
165,"{""mean"": 95.200483, ""bench"": ""gzip-c368b61b01ae45d6cce"", ""payload"": ""{\""file_size\"": 30}""}",0,0,0,0,0,1,0,0,0,0,0,0,0,0,0,1,0,0,0,0,0,0,0,0,0,1,0,0,0,0
947,"{""mean"": 95.200483, ""bench"": ""gzip-c368b61b01ae45d6cce"", ""payload"": ""{\""file_size\"": 30}""}",0,0,0,0,0,0,0,0,0,0,0,0,0,0,0,0,0,0,0,0,0,0,0,0,0,0,0,0,0,0
84,"{""mean"": 95.200483, ""bench"": ""gzip-c368b61b01ae45d6cce"", ""payload"": ""{\""file_size\"": 30}""}",0,0,0,0,0,0,0,0,0,0,0,0,0,0,0,0,0,0,0,0,0,0,0,0,0,0,0,0,0,0
150,"{""mean"": 95.200483, ""bench"": ""gzip-c368b61b01ae45d6cce"", ""payload"": ""{\""file_size\"": 30}""}",0,0,0,0,0,0,0,0,0,0,0,0,0,0,0,0,0,0,0,0,0,0,0,0,0,0,0,0,0,0
344,"{""mean"": 95.200483, ""bench"": ""gzip-c368b61b01ae45d6cce"", ""payload"": ""{\""file_size\"": 30}""}",0,0,0,0,0,0,0,0,0,0,0,0,0,0,0,0,0,0,0,0,0,0,0,0,0,0,0,0,0,0
1018,"{""mean"": 95.200483, ""bench"": ""gzip-c368b61b01ae45d6cce"", ""payload"": ""{\""file_size\"": 30}""}",0,0,0,0,0,0,0,0,0,0,0,0,0,0,0,0,0,0,0,0,0,0,0,0,0,0,0,0,0,0
229,"{""mean"": 95.200483, ""bench"": ""gzip-c368b61b01ae45d6cce"", ""payload"": ""{\""file_size\"": 30}""}",0,0,0,0,0,0,0,0,0,0,0,0,0,0,0,0,0,0,0,0,0,0,0,0,0,0,0,0,0,0
67,"{""mean"": 55.903998, ""bench"": ""disk-rand-42723d1efb8a94"", ""payload"": ""{\""byte_size\"": 4096, \""file_size\"": 30}""}",2,2,2,2,2,2,2,2,2,2,2,2,2,2,2,2,2,2,2,2,2,2,2,2,2,2,2,2,2,2
326,"{""mean"": 95.200483, ""bench"": ""gzip-c368b61b01ae45d6cce"", ""payload"": ""{\""file_size\"": 30}""}",0,0,0,0,0,0,0,0,0,0,0,0,0,0,0,0,0,0,0,0,0,0,0,0,0,0,0,0,0,0
8703,"{""mean"": 95.200483, ""bench"": ""gzip-c368b61b01ae45d6cce"", ""payload"": ""{\""file_size\"": 30}""}",0,0,0,0,0,0,0,0,0,0,0,0,0,0,0,0,0,0,0,0,0,0,0,0,0,0,0,0,0,0
332,"{""mean"": 95.200483, ""bench"": ""gzip-c368b61b01ae45d6cce"", ""payload"": ""{\""file_size\"": 30}""}",0,0,0,0,0,0,0,0,0,0,0,0,0,0,0,0,0,0,0,0,0,0,0,0,0,0,0,0,0,0
62,"{""mean"": 55.903998, ""bench"": ""disk-rand-42723d1efb8a94"", ""payload"": ""{\""byte_size\"": 4096, \""file_size\"": 30}""}",2,2,2,2,0,0,0,0,0,0,0,2,0,0,0,0,0,0,0,0,0,0,0,0,0,0,0,0,0,2
70,"{""mean"": 55.903998, ""bench"": ""disk-rand-42723d1efb8a94"", ""payload"": ""{\""byte_size\"": 4096, \""file_size\"": 30}""}",0,0,2,0,0,2,2,0,2,0,0,2,0,2,0,0,2,0,0,0,0,0,0,0,0,0,0,0,0,0
108,"{""mean"": 95.200483, ""bench"": ""gzip-c368b61b01ae45d6cce"", ""payload"": ""{\""file_size\"": 30}""}",0,0,0,0,0,0,0,0,0,0,0,0,0,0,0,0,0,0,0,0,0,0,0,0,0,0,0,0,0,0
323,"{""mean"": 95.200483, ""bench"": ""gzip-c368b61b01ae45d6cce"", ""payload"": ""{\""file_size\"": 30}""}",0,0,0,0,0,0,0,0,0,0,0,0,0,0,0,0,0,0,0,0,0,0,0,0,0,0,0,0,0,0
625,"{""mean"": 95.200483, ""bench"": ""gzip-c368b61b01ae45d6cce"", ""payload"": ""{\""file_size\"": 30}""}",0,0,0,0,0,0,0,0,0,0,0,0,0,0,0,0,0,0,0,0,0,0,0,0,0,0,0,0,0,0
67890,"{""mean"": 95.200483, ""bench"": ""gzip-c368b61b01ae45d6cce"", ""payload"": ""{\""file_size\"": 30}""}",0,0,0,0,0,0,0,0,0,0,0,0,0,0,0,0,0,0,0,0,0,0,0,0,0,0,0,0,0,0
61,"{""mean"": 55.903998, ""bench"": ""disk-rand-42723d1efb8a94"", ""payload"": ""{\""byte_size\"": 4096, \""file_size\"": 30}""}",0,0,0,0,0,2,0,0,0,0,0,0,0,0,0,2,0,0,0,0,0,0,0,0,0,2,0,0,0,0
64453,"{""mean"": 95.200483, ""bench"": ""gzip-c368b61b01ae45d6cce"", ""payload"": ""{\""file_size\"": 30}""}",0,0,0,0,0,0,0,0,0,0,0,0,0,0,0,0,0,0,0,0,0,0,0,0,0,0,0,0,0,0
722,"{""mean"": 95.200483, ""bench"": ""gzip-c368b61b01ae45d6cce"", ""payload"": ""{\""file_size\"": 30}""}",0,0,0,0,0,0,0,0,0,0,0,0,0,0,0,0,0,0,0,0,0,0,0,0,0,0,0,0,0,0
106,"{""mean"": 95.200483, ""bench"": ""gzip-c368b61b01ae45d6cce"", ""payload"": ""{\""file_size\"": 30}""}",0,0,0,0,0,0,0,0,0,0,0,0,0,0,0,0,0,0,1,0,0,0,0,0,0,0,0,0,0,0
113,"{""mean"": 95.200483, ""bench"": ""gzip-c368b61b01ae45d6cce"", ""payload"": ""{\""file_size\"": 30}""}",0,0,0,0,0,0,0,0,0,0,0,0,0,0,0,0,0,0,0,0,0,0,0,0,0,0,0,0,0,0
1090,"{""mean"": 95.200483, ""bench"": ""gzip-c368b61b01ae45d6cce"", ""payload"": ""{\""file_size\"": 30}""}",0,0,0,0,0,0,0,0,0,0,0,0,0,0,0,0,0,0,0,0,0,0,0,0,0,0,0,0,0,0
4516,"{""mean"": 95.200483, ""bench"": ""gzip-c368b61b01ae45d6cce"", ""payload"": ""{\""file_size\"": 30}""}",0,0,0,0,0,0,0,0,0,0,0,0,0,0,0,0,0,0,0,0,0,0,0,0,0,0,0,0,0,0
638,"{""mean"": 95.200483, ""bench"": ""gzip-c368b61b01ae45d6cce"", ""payload"": ""{\""file_size\"": 30}""}",0,0,0,0,0,0,0,0,0,0,0,0,0,0,0,0,0,0,0,0,0,0,0,0,0,0,0,0,0,0
2445,"{""mean"": 95.200483, ""bench"": ""gzip-c368b61b01ae45d6cce"", ""payload"": ""{\""file_size\"": 30}""}",0,0,0,0,0,0,0,0,1,0,0,0,0,0,0,0,0,1,0,0,0,0,0,0,0,0,0,0,0,0
6539,"{""mean"": 95.200483, ""bench"": ""gzip-c368b61b01ae45d6cce"", ""payload"": ""{\""file_size\"": 30}""}",0,0,0,0,0,0,0,0,0,0,0,0,0,0,0,0,0,0,0,0,0,0,0,0,0,0,0,0,0,0
121,"{""mean"": 95.200483, ""bench"": ""gzip-c368b61b01ae45d6cce"", ""payload"": ""{\""file_size\"": 30}""}",0,0,0,0,0,0,0,0,0,0,0,0,0,0,0,0,0,0,0,0,0,0,0,0,0,0,0,0,0,0
1691,"{""mean"": 95.200483, ""bench"": ""gzip-c368b61b01ae45d6cce"", ""payload"": ""{\""file_size\"": 30}""}",0,0,0,0,0,0,0,0,0,0,0,0,0,0,0,0,0,0,0,0,0,0,0,0,0,0,0,0,0,0
114,"{""mean"": 95.200483, ""bench"": ""gzip-c368b61b01ae45d6cce"", ""payload"": ""{\""file_size\"": 30}""}",0,0,0,0,0,0,0,0,0,0,0,0,0,0,0,0,0,0,0,0,0,0,0,0,0,0,0,0,0,0
802,"{""mean"": 95.200483, ""bench"": ""gzip-c368b61b01ae45d6cce"", ""payload"": ""{\""file_size\"": 30}""}",0,0,0,0,0,0,0,0,0,0,0,0,0,0,0,0,0,0,0,0,0,0,0,0,0,0,0,0,0,0
232,"{""mean"": 95.200483, ""bench"": ""gzip-c368b61b01ae45d6cce"", ""payload"": ""{\""file_size\"": 30}""}",0,0,0,0,0,0,0,0,0,0,0,0,0,0,0,0,0,0,0,0,0,0,0,0,0,0,0,0,0,0
272,"{""mean"": 95.200483, ""bench"": ""gzip-c368b61b01ae45d6cce"", ""payload"": ""{\""file_size\"": 30}""}",0,0,0,0,0,0,0,0,0,0,0,0,0,0,0,0,0,0,0,0,0,0,0,0,0,0,0,0,0,0
760,"{""mean"": 95.200483, ""bench"": ""gzip-c368b61b01ae45d6cce"", ""payload"": ""{\""file_size\"": 30}""}",0,0,0,0,0,0,0,0,0,0,0,0,0,0,0,0,0,0,0,0,0,0,0,0,0,0,0,0,0,0
415,"{""mean"": 95.200483, ""bench"": ""gzip-c368b61b01ae45d6cce"", ""payload"": ""{\""file_size\"": 30}""}",0,0,0,0,0,0,0,0,0,0,0,0,0,0,0,0,0,0,0,0,0,0,0,0,0,0,0,0,0,0
100473,"{""mean"": 95.200483, ""bench"": ""gzip-c368b61b01ae45d6cce"", ""payload"": ""{\""file_size\"": 30}""}",0,0,0,0,0,0,0,0,0,0,0,0,0,0,0,0,0,0,0,0,0,0,0,0,0,0,0,0,0,0
1032,"{""mean"": 95.200483, ""bench"": ""gzip-c368b61b01ae45d6cce"", ""payload"": ""{\""file_size\"": 30}""}",0,0,0,0,0,0,0,0,0,0,0,0,0,0,0,0,0,0,0,0,0,0,0,0,0,0,0,0,0,0
130,"{""mean"": 95.200483, ""bench"": ""gzip-c368b61b01ae45d6cce"", ""payload"": ""{\""file_size\"": 30}""}",0,0,0,0,0,0,0,0,0,0,0,0,0,0,0,0,0,0,0,0,0,0,0,0,0,0,0,0,0,0
58,"{""mean"": 55.903998, ""bench"": ""disk-rand-42723d1efb8a94"", ""payload"": ""{\""byte_size\"": 4096, \""file_size\"": 30}""}",0,0,0,0,0,0,0,0,0,0,0,0,0,0,0,0,0,0,0,0,0,0,0,0,0,0,0,0,2,0
1274,"{""mean"": 95.200483, ""bench"": ""gzip-c368b61b01ae45d6cce"", ""payload"": ""{\""file_size\"": 30}""}",0,0,0,0,0,0,0,0,0,0,0,0,0,0,0,0,0,0,0,0,0,0,0,0,0,0,0,0,0,0
499,"{""mean"": 95.200483, ""bench"": ""gzip-c368b61b01ae45d6cce"", ""payload"": ""{\""file_size\"": 30}""}",0,0,0,0,0,0,0,0,0,0,0,0,0,0,0,0,0,0,0,0,0,0,0,0,0,0,0,0,0,0
77,"{""mean"": 95.200483, ""bench"": ""gzip-c368b61b01ae45d6cce"", ""payload"": ""{\""file_size\"": 30}""}",0,0,0,0,0,0,0,0,0,0,0,0,0,0,0,0,0,0,0,0,0,0,0,0,0,0,0,0,0,0
271,"{""mean"": 95.200483, ""bench"": ""gzip-c368b61b01ae45d6cce"", ""payload"": ""{\""file_size\"": 30}""}",0,0,0,0,0,0,0,0,0,0,0,0,0,0,0,0,0,0,0,0,0,0,0,0,0,0,0,0,0,0
12056,"{""mean"": 95.200483, ""bench"": ""gzip-c368b61b01ae45d6cce"", ""payload"": ""{\""file_size\"": 30}""}",0,0,0,0,0,0,0,0,0,0,0,0,0,0,0,0,0,0,0,0,0,0,0,0,0,0,0,0,0,0
27476,"{""mean"": 95.200483, ""bench"": ""gzip-c368b61b01ae45d6cce"", ""payload"": ""{\""file_size\"": 30}""}",0,0,0,0,0,0,0,0,0,0,0,0,0,0,0,0,0,0,0,0,0,0,0,0,0,0,0,0,0,0
488,"{""mean"": 95.200483, ""bench"": ""gzip-c368b61b01ae45d6cce"", ""payload"": ""{\""file_size\"": 30}""}",0,0,0,0,0,0,0,0,0,0,0,0,0,0,0,0,0,0,0,0,0,0,0,0,0,0,0,0,0,0
1404,"{""mean"": 95.200483, ""bench"": ""gzip-c368b61b01ae45d6cce"", ""payload"": ""{\""file_size\"": 30}""}",0,0,0,0,0,0,0,0,0,0,0,0,0,0,0,0,0,0,0,0,0,0,0,0,0,0,0,0,0,0
1264,"{""mean"": 95.200483, ""bench"": ""gzip-c368b61b01ae45d6cce"", ""payload"": ""{\""file_size\"": 30}""}",0,0,0,0,0,0,0,0,0,0,0,0,0,0,0,0,0,0,0,0,0,0,0,0,0,0,0,0,0,0
143,"{""mean"": 95.200483, ""bench"": ""gzip-c368b61b01ae45d6cce"", ""payload"": ""{\""file_size\"": 30}""}",0,0,0,0,0,0,0,0,0,0,0,0,0,0,0,0,0,0,0,0,0,0,0,0,0,0,0,0,0,0
169,"{""mean"": 95.200483, ""bench"": ""gzip-c368b61b01ae45d6cce"", ""payload"": ""{\""file_size\"": 30}""}",0,0,0,0,0,0,0,0,0,0,0,0,0,0,0,0,0,0,0,0,0,0,0,0,0,0,0,0,0,0
809,"{""mean"": 95.200483, ""bench"": ""gzip-c368b61b01ae45d6cce"", ""payload"": ""{\""file_size\"": 30}""}",0,0,0,0,0,0,0,0,0,0,0,0,0,0,0,0,0,0,0,0,0,0,0,0,0,0,0,0,0,0
1232,"{""mean"": 95.200483, ""bench"": ""gzip-c368b61b01ae45d6cce"", ""payload"": ""{\""file_size\"": 30}""}",0,0,0,0,0,0,0,0,0,0,0,0,0,0,0,0,0,0,0,0,0,0,0,0,0,0,0,0,0,0
445,"{""mean"": 95.200483, ""bench"": ""gzip-c368b61b01ae45d6cce"", ""payload"": ""{\""file_size\"": 30}""}",0,0,0,0,0,0,0,0,0,0,0,0,0,0,0,0,0,0,0,0,0,0,0,0,0,0,0,0,0,0
30814,"{""mean"": 95.200483, ""bench"": ""gzip-c368b61b01ae45d6cce"", ""payload"": ""{\""file_size\"": 30}""}",0,0,0,0,0,0,0,0,0,0,0,0,0,0,0,0,0,0,0,0,0,0,0,0,0,0,0,0,0,0
157,"{""mean"": 95.200483, ""bench"": ""gzip-c368b61b01ae45d6cce"", ""payload"": ""{\""file_size\"": 30}""}",0,0,0,0,0,0,0,0,0,0,0,0,0,0,0,0,0,0,0,0,0,0,0,0,0,0,0,0,0,0
2803,"{""mean"": 95.200483, ""bench"": ""gzip-c368b61b01ae45d6cce"", ""payload"": ""{\""file_size\"": 30}""}",0,0,0,0,0,0,0,0,0,0,0,0,0,0,0,0,0,0,0,0,0,0,0,0,0,0,0,0,0,0
91,"{""mean"": 95.200483, ""bench"": ""gzip-c368b61b01ae45d6cce"", ""payload"": ""{\""file_size\"": 30}""}",0,0,0,0,0,0,0,0,0,0,0,0,0,0,0,0,0,0,0,0,0,0,0,0,0,0,0,0,0,0
287,"{""mean"": 95.200483, ""bench"": ""gzip-c368b61b01ae45d6cce"", ""payload"": ""{\""file_size\"": 30}""}",0,0,0,0,0,2,2,2,1,0,0,0,0,0,0,0,0,0,0,0,1,4,2,0,0,0,0,0,0,0
5300,"{""mean"": 95.200483, ""bench"": ""gzip-c368b61b01ae45d6cce"", ""payload"": ""{\""file_size\"": 30}""}",0,0,0,0,0,0,0,0,0,0,0,0,0,0,0,0,0,0,0,0,0,0,0,0,0,0,0,0,0,0
1230,"{""mean"": 95.200483, ""bench"": ""gzip-c368b61b01ae45d6cce"", ""payload"": ""{\""file_size\"": 30}""}",0,0,0,0,0,0,0,0,0,0,0,0,0,0,0,0,0,0,0,0,0,0,0,0,0,0,0,0,0,0
707,"{""mean"": 95.200483, ""bench"": ""gzip-c368b61b01ae45d6cce"", ""payload"": ""{\""file_size\"": 30}""}",0,0,0,0,0,0,0,0,0,0,0,0,0,0,0,0,0,0,0,0,0,0,0,0,0,0,0,0,0,0
966,"{""mean"": 95.200483, ""bench"": ""gzip-c368b61b01ae45d6cce"", ""payload"": ""{\""file_size\"": 30}""}",0,0,0,0,0,0,0,0,0,0,0,0,0,0,0,0,0,0,0,0,0,0,0,0,0,0,0,0,0,0
24735,"{""mean"": 95.200483, ""bench"": ""gzip-c368b61b01ae45d6cce"", ""payload"": ""{\""file_size\"": 30}""}",0,0,0,0,0,0,0,0,0,0,0,0,0,0,0,0,0,0,0,0,0,0,0,0,0,0,0,0,0,0
5153,"{""mean"": 95.200483, ""bench"": ""gzip-c368b61b01ae45d6cce"", ""payload"": ""{\""file_size\"": 30}""}",0,0,0,0,0,0,0,0,0,0,0,0,0,0,0,0,0,0,0,0,0,0,0,0,0,0,0,0,0,0
893,"{""mean"": 95.200483, ""bench"": ""gzip-c368b61b01ae45d6cce"", ""payload"": ""{\""file_size\"": 30}""}",0,0,0,0,0,0,0,0,0,0,0,0,0,0,0,0,0,0,0,0,0,0,0,0,0,0,0,0,0,0
2879,"{""mean"": 95.200483, ""bench"": ""gzip-c368b61b01ae45d6cce"", ""payload"": ""{\""file_size\"": 30}""}",0,0,0,0,0,0,0,0,0,0,0,0,0,0,0,0,0,0,0,0,0,0,0,0,0,0,0,0,0,0
784,"{""mean"": 95.200483, ""bench"": ""gzip-c368b61b01ae45d6cce"", ""payload"": ""{\""file_size\"": 30}""}",0,0,0,0,0,0,0,0,0,0,0,0,0,0,0,0,0,0,0,0,0,0,0,0,0,0,0,0,0,0
3376,"{""mean"": 95.200483, ""bench"": ""gzip-c368b61b01ae45d6cce"", ""payload"": ""{\""file_size\"": 30}""}",0,0,0,0,0,0,0,0,0,0,0,0,0,0,0,0,0,0,0,0,0,0,0,0,0,0,0,0,0,0
1412,"{""mean"": 95.200483, ""bench"": ""gzip-c368b61b01ae45d6cce"", ""payload"": ""{\""file_size\"": 30}""}",0,0,0,0,0,0,0,0,0,0,0,0,0,0,0,0,0,0,0,0,0,0,0,0,0,0,0,0,0,0
615,"{""mean"": 95.200483, ""bench"": ""gzip-c368b61b01ae45d6cce"", ""payload"": ""{\""file_size\"": 30}""}",0,0,0,0,0,0,0,0,0,0,0,0,0,0,0,0,0,0,0,0,0,0,0,0,0,0,0,0,0,0
606,"{""mean"": 95.200483, ""bench"": ""gzip-c368b61b01ae45d6cce"", ""payload"": ""{\""file_size\"": 30}""}",0,0,0,0,0,0,0,0,0,0,0,0,0,0,0,0,0,0,0,0,0,0,0,0,0,0,0,0,0,0
735,"{""mean"": 95.200483, ""bench"": ""gzip-c368b61b01ae45d6cce"", ""payload"": ""{\""file_size\"": 30}""}",0,0,0,0,0,0,0,0,0,0,0,0,0,0,0,0,0,0,0,0,0,0,0,0,0,0,0,0,0,0
2086,"{""mean"": 95.200483, ""bench"": ""gzip-c368b61b01ae45d6cce"", ""payload"": ""{\""file_size\"": 30}""}",0,0,0,0,0,0,0,0,0,0,0,0,0,0,0,0,0,0,0,0,0,0,0,0,0,0,0,0,0,0
637,"{""mean"": 95.200483, ""bench"": ""gzip-c368b61b01ae45d6cce"", ""payload"": ""{\""file_size\"": 30}""}",0,0,0,0,0,0,0,0,0,0,0,0,0,0,0,0,0,0,0,0,0,0,0,0,0,0,0,0,0,0
618,"{""mean"": 95.200483, ""bench"": ""gzip-c368b61b01ae45d6cce"", ""payload"": ""{\""file_size\"": 30}""}",0,0,0,0,0,0,0,0,0,0,0,0,0,0,0,0,0,0,0,0,0,0,0,0,0,0,0,0,0,0
1585,"{""mean"": 95.200483, ""bench"": ""gzip-c368b61b01ae45d6cce"", ""payload"": ""{\""file_size\"": 30}""}",0,0,0,0,0,0,0,0,0,0,0,0,0,0,0,0,0,0,0,0,0,0,0,0,0,0,0,0,0,0
2484,"{""mean"": 95.200483, ""bench"": ""gzip-c368b61b01ae45d6cce"", ""payload"": ""{\""file_size\"": 30}""}",0,0,0,0,0,0,0,0,0,0,0,0,0,0,0,0,0,0,0,0,0,0,0,0,0,0,0,0,0,0
4341,"{""mean"": 95.200483, ""bench"": ""gzip-c368b61b01ae45d6cce"", ""payload"": ""{\""file_size\"": 30}""}",0,0,0,0,0,0,0,0,0,0,0,0,0,0,0,0,0,0,0,0,0,0,0,0,0,0,0,0,0,0
1625,"{""mean"": 95.200483, ""bench"": ""gzip-c368b61b01ae45d6cce"", ""payload"": ""{\""file_size\"": 30}""}",0,0,0,0,0,0,0,0,0,0,0,0,0,0,0,0,0,0,0,0,0,0,0,0,0,0,0,0,0,0
